Columns,02_A1.d,03_A2.d,04_A3.d,05_A4.d,06_A5.d,07_A6.d,08_A7.d,09_A8.d,10_A9.d,12_A10.d,13_A11.d,14_A12.d,15_B1.d,16_B2.d,17_B3.d,18_B4.d,19_B5.d,20_B6.d,22_B7.d,23_B8.d,24_B9.d,25_B10.d,26_B11.d,27_B12.d,28_C1.d,29_C2.d,30_C3.d,32_C4.d,33_C5.d,34_C6.d,35_C7.d,36_C8.d,37_C9.d,38_C10.d,39_C11.d,40_C12.d,42_D1.d,43_D2.d,44_D3.d,45_D4.d,46_D5.d,47_D6.d,48_D7.d,49_D8.d,50_D9.d,52_D10.d,53_D11.d,54_D12.d,55_E1.d,56_E2.d,57_E3.d,58_E4.d,59_E5.d,60_E6.d,62_E7.d,63_E8.d,64_E9.d,65_E10.d,66_E11.d,67_E12.d,68_F1.d,68_F2.d,68_F3.d,72_F4.d,73_F5.d,74_F6.d,75_F7.d,76_F8.d,77_F9.d,78_F10.d,79_F11.d,80_F12.d,82_G1.d,83_G2.d,84_G3.d,85_G4.d,86_G5.d,87_G6.d,88_G7.d,89_G8.d,90_G9.d,92_G10.d,93_G11.d,94_G12.d,95_H1.d,96_H2.d,97_H3.d,98_H4.d,99_H5.d,100_H6.d,102_H7.d,103_H8.d,104_H9.d,105_H10.d,106_H11.d,107_H12.d
C,
U,
G,
A,
m1G,0,0,0,0,0,0,0,0,0,0,0,0,0,0,0,0,0,0,0,0,0,0,0,0,0,0,0,0,0,0,0,0,0,0,0,0,0,0,0,0,0,0,0,0,0,0,0,0,0,0,0,0,0,0,0,0,0,0,0,0,0,0,0,0,0,0,0,0,0,0,0,0,0,0,0,0,0,0,0,0,0,0,0,0,0,0,0,0,0,0,0,0,0,0,0,0
m2G,0,0,0,0,0,0,0,0,0,0,0,0,0,0,0,0,0,0,0,0,0,0,0,0,0,0,0,0,0,0,0,0,0,0,0,0,0,0,0,0,0,0,0,0,0,0,0,0,0,0,0,0,0,0,0,0,0,0,0,0,0,0,0,0,0,0,0,0,0,0,0,0,0,0,0,0,0,0,0,0,0,0,0,0,0,0,0,0,0,0,0,0,0,0,0,0
I,72720.0,50144.0,58888.0,66689.0,30786.0,34213.0,35777.0,50825.0,75859.0,73975.0,69663.0,75729.0,71219.0,50853.0,60749.0,81897.0,30464.0,1738882.0,36699.0,41180.0,74280.0,79092.0,60670.0,73958.0,72592.0,53247.0,61907.0,59977.0,33319.0,29881.0,37608.0,45499.0,76364.0,72828.0,78600.0,61554.0,96370.0,69676.0,85317.0,89475.0,38443.0,34163.0,42167.0,46604.0,72214.0,62515.0,58589.0,81441.0,86975.0,59477.0,71275.0,72900.0,28929.0,41303.0,53635.0,38964.0,74349.0,68984.0,75168.0,78759.0,95441.0,69554.0,68020.0,67591.0,45456.0,45368.0,40809.0,2060600.0,70645.0,63327.0,70668.0,73050.0,105530.0,62259.0,72080.0,77525.0,33448.0,35053.0,37735.0,2330339.0,59676.0,74969.0,74787.0,0,79071.0,91823.0,59822.0,81270.0,40232.0,0,37815.0,2109681.0,3344107.0,71157.0,49623.0,69716.0
ho5U,1595.0,0,0,0,0,0,0,0,0,0,0,0,0,0,0,0,0,0,0,0,0,0,0,0,0,0,0,0,0,0,0,0,0,0,0,0,2565.0,0,0,0,0,0,0,0,0,0,0,0,0,0,0,0,0,0,0,0,0,0,0,0,0,0,0,0,0,0,0,0,0,0,0,0,2491.0,0,0,0,0,0,0,0,0,0,0,0,0,0,0,0,0,0,0,0,0,0,0,0
s2C,193515.0,132849.0,171745.0,199666.0,84289.0,95278.0,103119.0,150086.0,227280.0,219496.0,210029.0,226333.0,216857.0,141828.0,180472.0,237882.0,84310.0,81836.0,104022.0,112503.0,221660.0,240756.0,177733.0,212272.0,214036.0,157515.0,180204.0,170268.0,92995.0,81599.0,106424.0,132926.0,229189.0,214498.0,218884.0,171620.0,284166.0,217146.0,267052.0,264350.0,105297.0,100415.0,118253.0,131205.0,212767.0,181146.0,163863.0,241807.0,242022.0,174252.0,208854.0,221227.0,78763.0,118345.0,153041.0,110170.0,215047.0,202635.0,224202.0,224736.0,280261.0,201782.0,196430.0,197070.0,119910.0,126356.0,116041.0,0,209658.0,178098.0,211777.0,206557.0,300435.0,187409.0,207568.0,237014.0,88455.0,101072.0,108873.0,0,179343.0,222077.0,225683.0,0,216693.0,282162.0,170827.0,253142.0,111878.0,0,110014.0,109664.0,174413.0,215796.0,131987.0,202879.0
15N-dA,433518.0,322683.0,319021.0,326974.0,332157.0,323079.0,321123.0,324680.0,303106.0,299934.0,306120.0,303404.0,465613.0,351321.0,334471.0,336622.0,338453.0,342783.0,325791.0,344699.0,312113.0,298508.0,311686.0,299605.0,463002.0,343336.0,339380.0,318818.0,345731.0,349404.0,347297.0,346786.0,304192.0,299810.0,305115.0,302487.0,422182.0,318886.0,309678.0,315528.0,345355.0,345238.0,338378.0,342785.0,290258.0,286671.0,309963.0,294990.0,419626.0,329640.0,319387.0,325593.0,347626.0,339477.0,317994.0,345578.0,284477.0,286886.0,290011.0,302820.0,429248.0,323019.0,322042.0,309638.0,324250.0,331250.0,336694.0,321532.0,288059.0,295753.0,292976.0,285341.0,433050.0,325953.0,322287.0,316950.0,340940.0,336834.0,329593.0,318684.0,283376.0,273518.0,279791.0,124616.0,367599.0,302802.0,316733.0,299477.0,331063.0,297606.0,309459.0,321705.0,282442.0,278398.0,312605.0,312994.0
ac4C,2594.0,1899.0,3354.0,2377.0,1272.0,1067.0,1070.0,875.0,1650.0,1516.0,1240.0,1109.0,3071.0,2144.0,2109.0,2163.0,1009.0,856.0,1046.0,803.0,1648.0,1564.0,1280.0,1434.0,2949.0,2227.0,1594.0,2098.0,1057.0,799.0,1076.0,897.0,1167.0,975.0,1240.0,1159.0,2835.0,2393.0,2439.0,1830.0,1063.0,796.0,556.0,984.0,984.0,1278.0,997.0,1175.0,2522.0,2219.0,2054.0,1851.0,878.0,843.0,774.0,697.0,1074.0,978.0,1102.0,757.0,3878.0,1943.0,1762.0,1923.0,1580.0,637.0,730.0,483.0,1555.0,908.0,807.0,740.0,2849.0,2077.0,2477.0,2324.0,643.0,827.0,680.0,465.0,858.0,1030.0,602.0,874.0,2900.0,2602.0,3060.0,2818.0,675.0,955.0,1193.0,958.0,747.0,1019.0,1288.0,977.0
acp3U,208836.0,144255.0,167494.0,189301.0,84955.0,89345.0,97271.0,132232.0,211322.0,216792.0,202229.0,222499.0,211481.0,146530.0,174800.0,223959.0,81284.0,76348.0,95965.0,102340.0,203336.0,229131.0,181099.0,218544.0,197776.0,137816.0,172945.0,171276.0,84733.0,76003.0,100827.0,120639.0,211333.0,202770.0,216433.0,181647.0,260692.0,190924.0,222130.0,233606.0,98322.0,88922.0,109705.0,121448.0,201465.0,168952.0,167744.0,227932.0,227549.0,164569.0,198134.0,200521.0,70560.0,111200.0,142514.0,111129.0,199623.0,198212.0,206258.0,214907.0,247574.0,180292.0,187668.0,186726.0,112136.0,116008.0,106909.0,25679.0,196568.0,174230.0,198003.0,196853.0,280016.0,180616.0,193509.0,220420.0,86832.0,90987.0,86058.0,47358.0,105182.0,211661.0,226086.0,40409.0,214592.0,257232.0,163318.0,198884.0,104153.0,23873.0,95665.0,67634.0,65342.0,193701.0,135331.0,191715.0
Am,96252.0,60334.0,77574.0,80854.0,29746.0,34703.0,34026.0,45413.0,65531.0,66309.0,58239.0,60670.0,110223.0,66016.0,81769.0,101220.0,31371.0,29057.0,34607.0,34596.0,67869.0,73735.0,52854.0,61144.0,106059.0,76507.0,74643.0,77772.0,30851.0,30901.0,36713.0,42497.0,69792.0,63969.0,66330.0,52602.0,128930.0,97262.0,111413.0,111065.0,35467.0,35063.0,37424.0,40944.0,63507.0,56668.0,46075.0,70340.0,118427.0,78528.0,89877.0,94001.0,29619.0,41827.0,45388.0,35420.0,62303.0,61448.0,64909.0,59248.0,133335.0,88249.0,85543.0,76957.0,43707.0,40734.0,36658.0,34265.0,65841.0,53956.0,60660.0,58545.0,125482.0,81617.0,85627.0,100500.0,29545.0,34938.0,35533.0,39156.0,55404.0,61163.0,62340.0,60215.0,94785.0,118638.0,82177.0,108146.0,36023.0,35093.0,37376.0,32597.0,51422.0,61073.0,44305.0,56955.0
Cm,510645.0,365493.0,453097.0,494998.0,199180.0,228898.0,234195.0,339426.0,483148.0,447023.0,440036.0,473213.0,591257.0,376650.0,476758.0,586237.0,201948.0,192528.0,233207.0,253062.0,479382.0,496262.0,384349.0,439578.0,550593.0,406529.0,453112.0,428109.0,201718.0,190835.0,245278.0,292312.0,470027.0,438965.0,450702.0,358041.0,686248.0,527361.0,642777.0,643501.0,234832.0,229432.0,252420.0,286200.0,435613.0,377265.0,350924.0,485341.0,605792.0,435872.0,522764.0,540786.0,178861.0,264550.0,321165.0,246029.0,437615.0,407785.0,461357.0,451280.0,692251.0,496795.0,482658.0,473675.0,261326.0,270544.0,255247.0,0,415512.0,366560.0,421413.0,417420.0,714945.0,463735.0,519459.0,566244.0,200275.0,220471.0,242444.0,0,384165.0,449586.0,452741.0,0,532738.0,663992.0,430391.0,591519.0,236635.0,0,234814.0,232735.0,0,429454.0,273808.0,421586.0
cmo5U,9331.0,6662.0,8540.0,9272.0,3867.0,4592.0,4477.0,6332.0,9347.0,9572.0,9607.0,10500.0,9269.0,6970.0,9188.0,11039.0,3894.0,4024.0,4865.0,5245.0,10337.0,11655.0,9252.0,10387.0,9577.0,8309.0,9881.0,9178.0,4501.0,4684.0,5398.0,6191.0,11290.0,11491.0,12061.0,9926.0,12830.0,12057.0,13739.0,15147.0,6324.0,5085.0,6382.0,7024.0,11444.0,10036.0,9305.0,13168.0,11785.0,10592.0,12329.0,12058.0,4220.0,6866.0,8306.0,6572.0,12039.0,10736.0,12589.0,12584.0,13075.0,11411.0,11708.0,11418.0,7220.0,7317.0,6978.0,2111.0,11755.0,10132.0,11273.0,11721.0,15044.0,12274.0,12861.0,13856.0,5525.0,5911.0,6115.0,3705.0,10130.0,12291.0,13233.0,3076.0,12383.0,16865.0,11338.0,14908.0,7317.0,2144.0,6003.0,6083.0,6514.0,11949.0,8078.0,11554.0
D_115,245266.0,185672.0,223092.0,245271.0,123044.0,137409.0,153634.0,194798.0,287480.0,291106.0,274856.0,301016.0,273858.0,196398.0,233188.0,282834.0,128086.0,121840.0,151327.0,164180.0,283733.0,302526.0,258756.0,300333.0,269567.0,203492.0,237924.0,233359.0,137325.0,112795.0,162663.0,190481.0,298599.0,283784.0,315223.0,261406.0,350079.0,253230.0,290175.0,310139.0,145744.0,141180.0,171981.0,190306.0,287412.0,236860.0,241568.0,312952.0,304554.0,222976.0,271779.0,275270.0,112891.0,169810.0,211911.0,177426.0,277665.0,282534.0,307821.0,312688.0,333200.0,252191.0,256734.0,265767.0,172184.0,179561.0,170758.0,88850.0,273761.0,252965.0,293458.0,285122.0,380364.0,250924.0,271864.0,303492.0,132538.0,144382.0,155131.0,126568.0,222634.0,302664.0,311511.0,162950.0,307538.0,333872.0,233710.0,300455.0,160114.0,89121.0,156863.0,145256.0,177881.0,299996.0,204170.0,282302.0
D_97,39664.0,29984.0,34860.0,40370.0,21017.0,22200.0,23846.0,32178.0,44813.0,49360.0,44598.0,49912.0,44442.0,31390.0,37323.0,46322.0,19788.0,20726.0,24647.0,26646.0,45565.0,47160.0,40966.0,50743.0,45548.0,31832.0,38786.0,38852.0,21897.0,19522.0,25286.0,30297.0,49581.0,45585.0,51147.0,41930.0,56755.0,41363.0,47348.0,51150.0,25054.0,23018.0,27755.0,30133.0,47924.0,39497.0,39826.0,49993.0,49825.0,36364.0,42968.0,43809.0,18998.0,25407.0,33811.0,27466.0,46041.0,46219.0,47350.0,50598.0,53700.0,40833.0,41880.0,41906.0,26449.0,28047.0,26872.0,14806.0,44768.0,39770.0,48436.0,45718.0,58040.0,39094.0,43309.0,47445.0,22062.0,22868.0,25389.0,20335.0,34533.0,49527.0,51976.0,23163.0,50049.0,54083.0,37399.0,45276.0,25597.0,14548.0,25379.0,24191.0,27923.0,48165.0,31385.0,44958.0
Gm,320977.0,208352.0,254562.0,281385.0,107284.0,123741.0,134016.0,175149.0,268410.0,259401.0,254636.0,280679.0,336530.0,210592.0,259259.0,317632.0,106206.0,102809.0,128289.0,139518.0,261456.0,286169.0,205056.0,248814.0,310168.0,224673.0,250288.0,240800.0,114602.0,105495.0,135996.0,156166.0,264333.0,250268.0,258645.0,205850.0,392689.0,303287.0,352771.0,355161.0,132115.0,122026.0,136651.0,155101.0,243513.0,213994.0,195398.0,276030.0,347151.0,238782.0,287959.0,291982.0,98725.0,137872.0,174415.0,135605.0,248058.0,236067.0,258734.0,252647.0,386000.0,271611.0,263368.0,259943.0,153423.0,152606.0,140670.0,117862.0,251417.0,209231.0,244479.0,238525.0,424506.0,260084.0,275410.0,307545.0,110591.0,115525.0,130176.0,146928.0,215564.0,245403.0,253751.0,232694.0,296788.0,354525.0,242491.0,330105.0,132714.0,118784.0,135195.0,134440.0,211439.0,235640.0,165046.0,235065.0
i6A,58514.0,40101.0,47733.0,50180.0,0,0,0,0,0,37092.0,0,43635.0,53243.0,39831.0,43705.0,42259.0,0,0,0,0,0,50547.0,0,35493.0,52283.0,52064.0,52357.0,0,0,0,0,0,45273.0,49708.0,40275.0,0,0,40378.0,57883.0,57957.0,0,0,40490.0,0,42940.0,0,0,43930.0,0,38482.0,52196.0,42078.0,0,0,0,0,40095.0,41787.0,46620.0,0,53848.0,0,42731.0,47305.0,0,0,0,0,0,0,45624.0,0,0,44994.0,50857.0,44030.0,0,0,0,0,0,44883.0,50025.0,0,49415.0,47221.0,37718.0,53011.0,0,0,0,0,0,40730.0,0,0
io6A,18675.0,12989.0,14615.0,15811.0,6955.0,6127.0,6979.0,10849.0,18331.0,20071.0,23219.0,23495.0,16977.0,14410.0,15771.0,27860.0,7067.0,5802.0,7046.0,9078.0,22183.0,21734.0,13716.0,23572.0,17299.0,15189.0,17535.0,16287.0,9115.0,6864.0,9347.0,12432.0,22469.0,22593.0,22832.0,19863.0,33155.0,29684.0,30784.0,33045.0,14169.0,10094.0,11928.0,15308.0,26139.0,20730.0,17111.0,27571.0,32608.0,19746.0,27827.0,22848.0,7121.0,11160.0,17746.0,9777.0,25849.0,23735.0,25109.0,24475.0,18619.0,28095.0,22427.0,18639.0,8845.0,14524.0,12713.0,9093.0,17983.0,21261.0,24157.0,25501.0,35654.0,16803.0,18329.0,20066.0,12340.0,8092.0,9141.0,8959.0,24876.0,20726.0,24332.0,20606.0,21837.0,26574.0,12648.0,25383.0,13617.0,10005.0,8747.0,12474.0,24495.0,21555.0,18906.0,24265.0
k2C,903.0,508.0,976.0,865.0,1349.0,1273.0,1059.0,1296.0,2475.0,2621.0,2759.0,1987.0,1025.0,878.0,846.0,1117.0,1524.0,1563.0,1749.0,1440.0,2574.0,3172.0,2794.0,2849.0,1148.0,553.0,1084.0,1016.0,1443.0,1078.0,1773.0,1831.0,3047.0,3043.0,3030.0,3349.0,1105.0,935.0,1151.0,1007.0,1579.0,1230.0,1564.0,1678.0,3100.0,2555.0,3589.0,3123.0,1317.0,1459.0,1230.0,1133.0,1363.0,1437.0,1722.0,2127.0,3579.0,3955.0,3259.0,3209.0,1504.0,1306.0,1215.0,1140.0,2435.0,1853.0,1517.0,603.0,3978.0,3447.0,2975.0,3220.0,1696.0,1801.0,1572.0,2128.0,1983.0,2212.0,1808.0,1921.0,2768.0,4018.0,3957.0,764.0,1657.0,2073.0,2001.0,1579.0,1922.0,869.0,2046.0,2014.0,1371.0,3258.0,3209.0,2912.0
m1A,17805.0,11202.0,14803.0,11927.0,4964.0,4960.0,5378.0,3793.0,7002.0,6742.0,6450.0,5810.0,17547.0,10232.0,8356.0,12049.0,4060.0,4732.0,5559.0,3375.0,7759.0,7789.0,6409.0,6782.0,15245.0,6444.0,10578.0,11088.0,5071.0,1982.0,5031.0,4286.0,7531.0,6339.0,7068.0,5351.0,13493.0,6625.0,7003.0,4864.0,3090.0,3021.0,3937.0,5045.0,5151.0,4331.0,3741.0,5580.0,14012.0,8105.0,6624.0,8442.0,2548.0,1878.0,3847.0,3618.0,5558.0,6177.0,5298.0,5306.0,21229.0,5765.0,9403.0,8955.0,4414.0,2036.0,2274.0,361.0,8565.0,5250.0,4899.0,3774.0,15197.0,10087.0,8863.0,12361.0,1892.0,2095.0,2064.0,1225.0,1729.0,4631.0,4700.0,715.0,14252.0,10955.0,11781.0,8741.0,2338.0,1029.0,4707.0,1993.0,1118.0,5076.0,6894.0,4493.0
m1Am,0,0,0,0,0,0,0,0,0,0,0,0,0,0,0,0,0,0,0,0,0,0,0,0,0,0,0,0,0,0,0,0,0,0,0,0,0,0,0,0,0,0,0,0,0,0,0,0,0,0,0,0,0,0,0,0,0,0,0,0,0,0,0,0,0,0,0,0,0,0,0,0,0,0,0,0,0,0,0,0,0,0,0,0,0,0,0,0,0,0,0,0,0,0,0,0
m227G,0,0,0,0,0,0,0,0,0,0,0,0,225.0,0,131.0,0,0,0,0,0,0,0,0,0,0,0,0,0,0,0,0,0,0,0,0,0,0,235.0,0,0,0,0,0,0,0,0,0,0,0,0,0,0,0,0,0,0,0,0,0,0,0,0,0,0,0,0,0,0,0,0,0,0,0,0,0,0,0,0,0,0,0,0,0,0,0,0,0,0,0,0,0,0,0,0,0,0
m22G,13166.0,9064.0,10849.0,9632.0,3287.0,3350.0,3081.0,2858.0,5122.0,5409.0,4123.0,4260.0,13805.0,8364.0,9035.0,9311.0,2538.0,2976.0,3622.0,2826.0,5928.0,5543.0,4546.0,4416.0,11109.0,7985.0,7687.0,9614.0,3325.0,2658.0,3507.0,3223.0,5160.0,4603.0,5303.0,4125.0,11064.0,9818.0,8226.0,9786.0,3222.0,2803.0,2404.0,3628.0,3507.0,3949.0,2539.0,4363.0,11824.0,8060.0,7396.0,8256.0,2666.0,3107.0,2734.0,2420.0,4151.0,3534.0,3731.0,4296.0,16117.0,8020.0,6780.0,7345.0,5392.0,2520.0,2125.0,2164.0,6606.0,3430.0,3396.0,2786.0,11359.0,10106.0,9115.0,11162.0,2382.0,2223.0,3632.0,2772.0,3216.0,3518.0,3241.0,3082.0,11186.0,10654.0,12269.0,11499.0,2493.0,3302.0,4982.0,3267.0,2637.0,3879.0,5199.0,3269.0
m28A,0,0,0,0,0,0,0,0,0,0,0,0,0,0,0,0,0,0,128.0,0,0,0,0,0,0,0,0,0,0,0,0,0,0,0,0,0,0,0,0,0,0,0,0,0,0,0,0,0,0,0,0,181.0,0,0,0,0,0,0,0,0,0,0,240.0,0,0,0,0,0,0,0,0,0,0,0,0,0,0,0,0,0,0,0,0,0,0,0,0,0,0,0,0,0,0,0,0,0
m2A,1984764.0,1263678.0,1590731.0,1726134.0,759919.0,859482.0,927949.0,1349916.0,1954529.0,1799012.0,1634667.0,1772479.0,2109621.0,1375276.0,1688939.0,2081856.0,856504.0,837065.0,976478.0,1100608.0,2022000.0,1980252.0,1429956.0,1608884.0,2057205.0,1621643.0,1731005.0,1640486.0,921446.0,893019.0,1101456.0,1331072.0,2044112.0,1841017.0,1762550.0,1401941.0,2518193.0,2025992.0,2493592.0,2485052.0,1062957.0,1040225.0,1135693.0,1294294.0,1958580.0,1708315.0,1417194.0,1858435.0,2272421.0,1787843.0,2113594.0,2172183.0,864078.0,1216935.0,1432962.0,1141245.0,1926284.0,1800522.0,1951540.0,1971921.0,2586026.0,2005594.0,1941176.0,1843407.0,1220231.0,1310033.0,1181836.0,1135439.0,1911660.0,1639230.0,1865799.0,1827809.0,2691145.0,1807441.0,2008214.0,2227783.0,983818.0,1060942.0,1163394.0,1313720.0,1726364.0,1841740.0,1890889.0,1947141.0,2042015.0,2508048.0,1695773.0,2307985.0,1118030.0,1113545.0,1094330.0,1168338.0,1673476.0,1899247.0,1279859.0,1828509.0
m3C,16717.0,11418.0,14758.0,12553.0,5970.0,5589.0,5889.0,4180.0,8688.0,9306.0,7316.0,7216.0,18682.0,10034.0,11407.0,11676.0,5180.0,5935.0,6155.0,4826.0,9320.0,9628.0,8537.0,8323.0,15346.0,10700.0,10919.0,12007.0,5865.0,5158.0,5502.0,5593.0,9396.0,7457.0,8674.0,7430.0,14929.0,12425.0,12284.0,11959.0,5971.0,5935.0,4832.0,5596.0,7298.0,6872.0,5676.0,8534.0,14777.0,9346.0,9969.0,11865.0,0,4983.0,4939.0,4399.0,7960.0,6505.0,7522.0,7346.0,19922.0,10651.0,9735.0,9262.0,9037.0,4454.0,3792.0,0,10943.0,6602.0,7062.0,4859.0,16227.0,11479.0,12086.0,13170.0,4041.0,4150.0,4374.0,2185.0,2070.0,6102.0,6164.0,901.0,14924.0,13895.0,15509.0,15302.0,4909.0,922.0,8544.0,0,1564.0,6789.0,8760.0,6230.0
m3U,39993.0,26502.0,32277.0,37373.0,15328.0,17755.0,18377.0,25242.0,40467.0,36053.0,34300.0,37244.0,45322.0,27993.0,37351.0,45739.0,17253.0,15665.0,17933.0,22515.0,40483.0,41812.0,31850.0,34247.0,47044.0,34867.0,37665.0,35982.0,18691.0,16905.0,21741.0,26743.0,43786.0,38323.0,37656.0,29541.0,61445.0,44600.0,57086.0,60974.0,21539.0,22646.0,24098.0,28662.0,42806.0,35981.0,30369.0,42433.0,55966.0,39774.0,48753.0,51222.0,17552.0,23287.0,30223.0,22102.0,44543.0,39668.0,43776.0,43055.0,67491.0,43448.0,42796.0,44363.0,25190.0,26334.0,22327.0,20828.0,40824.0,37134.0,39030.0,39247.0,69005.0,43192.0,50265.0,50564.0,18019.0,20638.0,23550.0,25898.0,36931.0,42231.0,43238.0,40920.0,47963.0,64167.0,36664.0,54513.0,24198.0,22152.0,23223.0,23176.0,38013.0,45500.0,27148.0,40111.0
m5C,12889.0,8549.0,11114.0,8337.0,3871.0,4140.0,3592.0,2988.0,6654.0,6718.0,5581.0,5027.0,13235.0,6620.0,7653.0,8012.0,3447.0,3534.0,4729.0,3320.0,6683.0,7196.0,5942.0,5781.0,11717.0,7366.0,7611.0,8411.0,3754.0,3081.0,4320.0,3623.0,6274.0,5722.0,5904.0,4518.0,10878.0,8568.0,8688.0,8578.0,4103.0,4020.0,3211.0,3934.0,4168.0,4601.0,4511.0,5468.0,10901.0,7157.0,6825.0,7151.0,3364.0,3823.0,3369.0,2572.0,4886.0,4735.0,5025.0,5512.0,14780.0,6419.0,7546.0,7229.0,6779.0,3413.0,2845.0,0,7319.0,5024.0,5150.0,4293.0,11079.0,8802.0,8106.0,9191.0,2859.0,2350.0,443.0,1184.0,1970.0,4527.0,4443.0,717.0,10421.0,9312.0,12019.0,10752.0,2979.0,0,5850.0,1548.0,1875.0,4229.0,6662.0,4557.0
m5U,673263.0,501518.0,602193.0,669260.0,312027.0,343668.0,374138.0,512118.0,709284.0,692798.0,674471.0,742529.0,785674.0,539127.0,650443.0,781951.0,320650.0,309511.0,360417.0,413415.0,731899.0,781919.0,624560.0,721502.0,804815.0,572741.0,654130.0,602725.0,355730.0,326558.0,413896.0,496909.0,784288.0,753634.0,776934.0,628328.0,986876.0,726597.0,859854.0,899870.0,415368.0,388479.0,438011.0,495809.0,734984.0,620402.0,596071.0,808336.0,916518.0,642416.0,753772.0,767696.0,323315.0,445201.0,539136.0,434565.0,744372.0,709810.0,772050.0,773768.0,1017281.0,725073.0,717592.0,697658.0,462189.0,472943.0,453285.0,0,709496.0,659915.0,728477.0,740019.0,1051551.0,693966.0,755867.0,819017.0,372276.0,395804.0,425434.0,427688.0,594651.0,757213.0,784218.0,0,845126.0,971892.0,662568.0,853011.0,443506.0,0,422024.0,420102.0,576954.0,760289.0,510938.0,748565.0
m5Um,0,0,102.0,0,0,0,0,0,0,0,0,0,0,0,0,0,0,0,0,0,0,0,0,0,0,0,0,0,0,0,0,0,0,0,0,0,0,0,0,0,0,0,0,0,0,0,0,0,0,0,0,0,0,0,0,0,0,0,0,0,0,0,0,0,0,0,0,0,0,0,0,0,0,0,0,0,0,0,0,0,0,0,0,0,0,0,0,0,0,0,0,0,0,0,0,0
m62A,57766.0,46025.0,53943.0,55637.0,9060.0,8722.0,10285.0,11683.0,24492.0,23962.0,23879.0,24445.0,58723.0,43683.0,51116.0,58915.0,7599.0,7576.0,10074.0,8479.0,22363.0,23405.0,19589.0,22254.0,56822.0,42295.0,46993.0,44997.0,7613.0,8182.0,8904.0,10140.0,24631.0,20758.0,22676.0,18004.0,61214.0,49815.0,59300.0,59976.0,8366.0,8669.0,8729.0,10407.0,20896.0,18435.0,18219.0,24249.0,58212.0,45310.0,55378.0,53208.0,6007.0,8361.0,9350.0,8216.0,20572.0,19416.0,22334.0,23669.0,71049.0,49259.0,50566.0,50879.0,12533.0,8397.0,8189.0,7079.0,24762.0,18587.0,19915.0,20839.0,67912.0,50479.0,55877.0,60755.0,7074.0,7305.0,8124.0,8476.0,21930.0,21282.0,22066.0,19642.0,58493.0,65290.0,55759.0,62089.0,8438.0,8185.0,12641.0,9380.0,17822.0,20847.0,19507.0,20918.0
m6A,255914.0,180324.0,224137.0,237757.0,101121.0,109234.0,119400.0,165222.0,246917.0,230604.0,214147.0,232743.0,265119.0,188333.0,232040.0,281390.0,106840.0,99906.0,124506.0,133384.0,248636.0,246747.0,182851.0,204939.0,272151.0,222401.0,238963.0,200660.0,119441.0,115229.0,142251.0,167320.0,258956.0,234476.0,227606.0,173889.0,343917.0,272015.0,333242.0,339074.0,139028.0,134542.0,144473.0,158919.0,239520.0,202546.0,175449.0,239763.0,308634.0,237457.0,273301.0,281830.0,102995.0,149865.0,175216.0,135531.0,236652.0,213904.0,245125.0,237761.0,326593.0,275340.0,252988.0,234544.0,150186.0,163796.0,148201.0,133842.0,219674.0,203662.0,227640.0,222037.0,348065.0,230093.0,256012.0,277691.0,125034.0,124230.0,138321.0,146054.0,211795.0,226641.0,227124.0,229798.0,267980.0,334718.0,221998.0,302310.0,141007.0,135580.0,125209.0,131202.0,200298.0,220181.0,157256.0,220703.0
m7G,4173255.0,3290935.0,3902645.0,4254449.0,1970133.0,2188696.0,2292552.0,3178477.0,4569544.0,4414419.0,4326981.0,4577049.0,4237594.0,3245812.0,4022899.0,4774798.0,1979406.0,1857930.0,2271102.0,2485087.0,4511595.0,4773989.0,3598008.0,4107982.0,4024248.0,3485017.0,3773218.0,3587440.0,2010191.0,1853624.0,2306662.0,2739723.0,4428862.0,4155683.0,4116074.0,3321164.0,4979487.0,4211307.0,5027686.0,5097632.0,2261022.0,2181389.0,2404410.0,2698186.0,4121868.0,3727694.0,3295728.0,4394817.0,4482956.0,3529722.0,4208071.0,4266060.0,1692717.0,2459043.0,3086098.0,2308638.0,4072775.0,3798597.0,4122717.0,4100963.0,4718703.0,3960644.0,3835446.0,3969379.0,2487933.0,2573590.0,2371947.0,858772.0,3902723.0,3478319.0,3906363.0,3883969.0,5046673.0,3637524.0,3995950.0,4323995.0,1931011.0,2083459.0,2300373.0,1534120.0,3432455.0,4012689.0,4230792.0,1355379.0,3911009.0,5038370.0,3309544.0,4532950.0,2240319.0,754950.0,2204945.0,2169666.0,2243867.0,3862545.0,2531461.0,3754360.0
m8A,1876241.0,1188341.0,1512820.0,1652724.0,731739.0,834811.0,882529.0,1250181.0,1849967.0,1663000.0,1549345.0,1682057.0,1997614.0,1304441.0,1606170.0,1997658.0,810912.0,781186.0,920627.0,1059658.0,1888019.0,1825918.0,1356639.0,1544064.0,1957762.0,1537891.0,1650554.0,1559744.0,884701.0,851340.0,1045489.0,1245319.0,1963473.0,1737321.0,1678012.0,1298847.0,2405215.0,1926221.0,2246314.0,2311992.0,1024285.0,997325.0,1071520.0,1219937.0,1850352.0,1611982.0,1351415.0,1822490.0,2146065.0,1645745.0,1973660.0,2096789.0,807737.0,1141586.0,1340047.0,1087576.0,1850087.0,1724702.0,1882203.0,1875248.0,2426266.0,1893468.0,1858693.0,1791516.0,1169902.0,1237828.0,1101951.0,1064747.0,1821340.0,1554943.0,1741471.0,1738312.0,2519341.0,1692584.0,1900047.0,2183953.0,917362.0,1010300.0,1114346.0,1220889.0,1608098.0,1751535.0,1820481.0,1858138.0,1904847.0,2340771.0,1589591.0,2187280.0,1069439.0,1040270.0,995793.0,1088362.0,1591877.0,1784930.0,1198380.0,1739744.0
mcm5U,0,0,314.0,0,0,623.0,574.0,0,0,1203.0,0,0,0,0,0,0,512.0,0,0,0,1404.0,1220.0,835.0,1244.0,0,388.0,0,0,556.0,0,650.0,0,613.0,1743.0,1236.0,1161.0,460.0,499.0,0,0,0,723.0,0,0,1230.0,798.0,832.0,844.0,472.0,0,0,0,0,756.0,1043.0,0,771.0,1353.0,0,1116.0,0,0,0,0,0,704.0,0,0,921.0,977.0,1155.0,955.0,0,0,0,0,0,0,0,387.0,878.0,743.0,956.0,0,437.0,0,0,0,680.0,0,0,413.0,378.0,1085.0,1199.0,0
mcm5Um_153,0,0,0,0,0,0,0,0,0,0,0,0,0,0,0,0,0,0,0,0,0,0,0,0,0,0,0,0,0,0,0,0,0,0,0,0,0,0,0,0,0,0,0,0,0,0,0,0,0,0,0,0,0,0,0,0,0,0,0,0,0,0,0,0,0,0,0,0,0,0,0,0,0,0,0,0,0,0,0,0,0,0,0,0,0,0,0,0,0,0,0,0,0,0,0,0
mcm5Um_185,0,0,0,0,0,0,0,0,0,0,0,0,0,0,0,0,0,0,0,0,0,0,0,0,0,0,0,0,0,0,0,0,0,0,0,0,0,0,0,0,0,0,0,0,0,0,0,0,0,0,0,0,0,0,0,0,0,0,0,0,0,0,0,0,0,0,0,204.0,0,0,0,0,0,0,0,0,0,0,0,0,0,0,0,0,0,0,0,0,0,0,0,0,0,0,0,0
mcmo5U_201,41811.0,26553.0,34547.0,37447.0,16288.0,19230.0,20672.0,29315.0,43243.0,42159.0,38975.0,43933.0,47555.0,30026.0,37405.0,44879.0,16722.0,16671.0,21666.0,23656.0,42363.0,46404.0,36192.0,41346.0,48043.0,32474.0,38047.0,34792.0,19782.0,17547.0,22095.0,28219.0,45956.0,47340.0,45326.0,36102.0,64071.0,44691.0,54691.0,57424.0,24653.0,23727.0,24502.0,28918.0,45606.0,38589.0,37153.0,52728.0,61328.0,36827.0,44737.0,46829.0,17332.0,26103.0,33646.0,23822.0,48137.0,41814.0,48801.0,44887.0,64667.0,42779.0,41744.0,42302.0,27785.0,28162.0,25569.0,23086.0,44221.0,39410.0,46812.0,44360.0,72389.0,41382.0,43619.0,46939.0,21049.0,23167.0,23763.0,29113.0,40879.0,45112.0,48305.0,48111.0,46606.0,59086.0,35625.0,52650.0,24789.0,22421.0,22389.0,24225.0,40177.0,48066.0,29666.0,45834.0
mcmo5U_315,0,0,0,0,0,0,0,0,0,0,0,0,0,0,0,0,0,0,0,0,0,0,0,0,0,0,0,0,0,0,0,0,0,0,0,0,0,0,0,0,0,0,0,0,0,0,0,0,0,0,0,0,0,0,0,0,0,0,0,0,0,0,0,0,0,0,0,0,0,0,0,0,0,0,0,0,0,0,0,0,0,0,0,0,0,0,0,0,0,0,0,0,0,0,0,0
mnm5s2U_172,7267.0,5450.0,6326.0,6103.0,3236.0,3023.0,2944.0,4115.0,8146.0,9509.0,7792.0,9555.0,6850.0,5587.0,6276.0,7508.0,2550.0,2432.0,3452.0,3103.0,8276.0,9754.0,6905.0,8641.0,6552.0,5097.0,6211.0,5982.0,3330.0,2886.0,4015.0,4677.0,8371.0,8040.0,9847.0,7165.0,8664.0,6682.0,7566.0,8106.0,3950.0,3464.0,4144.0,4523.0,8058.0,6961.0,7005.0,9207.0,7758.0,5965.0,7641.0,7692.0,2456.0,4530.0,5311.0,4136.0,8262.0,8036.0,8518.0,8785.0,7992.0,6909.0,6424.0,7213.0,4006.0,4737.0,4396.0,648.0,8119.0,7309.0,7995.0,7894.0,10521.0,7019.0,7623.0,7875.0,3568.0,3411.0,0,0,0,8459.0,8817.0,1595.0,7218.0,8683.0,6220.0,7733.0,4106.0,441.0,0,0,2488.0,7585.0,5595.0,8964.0
mnm5s2U_273,954.0,702.0,867.0,0,0,401.0,0,686.0,1225.0,1064.0,951.0,1187.0,819.0,681.0,699.0,1060.0,324.0,305.0,540.0,369.0,944.0,1158.0,1084.0,1333.0,1006.0,571.0,0,802.0,505.0,0,0,587.0,904.0,1223.0,1225.0,966.0,1358.0,0,0,1189.0,0,0,336.0,657.0,912.0,0,870.0,1139.0,1139.0,685.0,0,1036.0,0,629.0,0,576.0,838.0,1354.0,1068.0,1363.0,1104.0,0,828.0,959.0,487.0,296.0,507.0,122.0,1185.0,863.0,992.0,0,1265.0,1094.0,940.0,0,0,193.0,471.0,0,0,1213.0,1336.0,0,800.0,1093.0,684.0,0,0,0,0,0,0,1160.0,866.0,1027.0
mo5U,0,0,0,0,0,0,0,0,0,0,0,0,0,0,0,0,0,0,0,0,0,0,0,0,0,0,0,0,0,0,0,0,0,0,0,0,0,0,0,0,0,0,0,0,0,0,0,0,0,0,0,0,0,0,0,0,0,0,0,0,0,0,0,0,0,0,0,0,0,0,0,0,0,0,0,0,0,0,0,0,0,0,0,0,0,0,0,0,0,0,0,0,0,0,0,0
ms2i6A,264009.0,219019.0,266781.0,297969.0,186812.0,234033.0,252269.0,344992.0,434477.0,413004.0,340947.0,426344.0,263282.0,222726.0,281981.0,267627.0,212525.0,204566.0,242608.0,252816.0,405208.0,459372.0,377223.0,359219.0,256611.0,221400.0,255161.0,213879.0,199668.0,191914.0,255989.0,253593.0,402137.0,402288.0,386896.0,301643.0,272862.0,238113.0,273525.0,248816.0,180423.0,197342.0,240699.0,239807.0,334850.0,324817.0,296364.0,344656.0,225468.0,223499.0,229903.0,244510.0,171354.0,245287.0,254616.0,255365.0,341348.0,347345.0,336364.0,377442.0,322594.0,232849.0,232957.0,260610.0,280349.0,234051.0,198491.0,186179.0,328927.0,305091.0,323177.0,323465.0,295674.0,252925.0,281364.0,285439.0,147790.0,230208.0,253846.0,243464.0,287272.0,400529.0,393395.0,304077.0,221562.0,286653.0,207963.0,238441.0,158000.0,171210.0,192239.0,181532.0,235680.0,352271.0,195452.0,295336.0
ms2io6A,0,0,0,0,0,0,0,0,0,0,0,0,0,0,0,0,0,0,0,0,0,0,0,0,0,0,0,0,0,0,0,0,0,0,0,0,0,0,0,0,0,0,0,0,0,0,0,0,0,0,0,0,0,0,0,0,0,0,0,0,0,0,0,0,0,0,0,0,0,0,0,0,0,0,0,0,0,0,0,0,0,0,0,0,0,0,0,0,0,0,0,0,0,0,0,0
preQ1_163,0,0,284.0,228.0,122.0,0,0,0,0,0,0,0,106.0,0,0,0,0,0,0,0,0,0,0,0,0,0,0,0,0,0,0,0,0,0,109.0,0,0,0,0,0,0,0,0,0,0,0,0,0,0,104.0,0,0,0,0,0,0,0,0,0,0,199.0,0,0,0,0,0,0,0,133.0,0,0,0,0,0,145.0,0,0,0,0,0,0,0,0,0,305.0,0,0,0,0,0,104.0,0,0,180.0,0,0
Q_163,135205.0,95353.0,111754.0,121068.0,52631.0,59462.0,60412.0,92115.0,137669.0,128310.0,126619.0,140042.0,153408.0,99951.0,123348.0,155118.0,51660.0,47526.0,58292.0,67416.0,136855.0,146959.0,112341.0,132492.0,151053.0,106251.0,121765.0,115288.0,55739.0,49528.0,66424.0,81482.0,141842.0,135590.0,137431.0,104100.0,190724.0,139398.0,170819.0,175159.0,62444.0,62367.0,72620.0,78860.0,129260.0,110660.0,101051.0,145926.0,180014.0,116983.0,143047.0,147648.0,47700.0,74130.0,90603.0,65886.0,129994.0,126431.0,138712.0,139419.0,207451.0,134611.0,131521.0,133850.0,70213.0,78962.0,75801.0,0,123364.0,112444.0,124489.0,133841.0,228344.0,131048.0,144283.0,165688.0,55829.0,60184.0,66424.0,66839.0,112259.0,138747.0,140624.0,0,158194.0,199340.0,124548.0,172534.0,70216.0,21442.0,60510.0,64342.0,100426.0,133925.0,82623.0,136171.0
Q_295,63861.0,43293.0,52171.0,58313.0,22941.0,25447.0,29672.0,42128.0,67459.0,60608.0,60369.0,65955.0,72633.0,47224.0,57102.0,70422.0,24967.0,24226.0,29180.0,31526.0,62426.0,66844.0,52989.0,61492.0,69464.0,49005.0,56489.0,55126.0,25702.0,24657.0,30654.0,34604.0,67330.0,61632.0,63046.0,48944.0,89672.0,65018.0,77929.0,81132.0,28315.0,27550.0,33008.0,34308.0,59740.0,49840.0,47192.0,69186.0,83130.0,55846.0,67379.0,67807.0,21462.0,34993.0,40756.0,31368.0,57969.0,55925.0,64883.0,64767.0,94659.0,64175.0,64110.0,61171.0,31633.0,34297.0,32557.0,0,57307.0,50762.0,58214.0,60943.0,109629.0,57310.0,66316.0,75966.0,27555.0,27056.0,29592.0,32220.0,53386.0,61600.0,68987.0,26923.0,71936.0,93286.0,54474.0,78824.0,30668.0,0,28184.0,30180.0,48976.0,59468.0,38838.0,61642.0
rNA,49403.0,28495.0,43508.0,56504.0,24339.0,30576.0,33553.0,43471.0,43196.0,44961.0,37799.0,40039.0,72395.0,26070.0,45786.0,70322.0,20745.0,22564.0,25937.0,29593.0,32517.0,34425.0,29965.0,32464.0,70947.0,43746.0,31865.0,43250.0,19382.0,15363.0,22115.0,31619.0,31562.0,30083.0,32673.0,26712.0,101377.0,72279.0,101128.0,93436.0,20182.0,20337.0,20131.0,28274.0,29228.0,25434.0,21327.0,31782.0,74852.0,39262.0,42709.0,57146.0,17360.0,22084.0,32471.0,25019.0,25488.0,25941.0,28546.0,30676.0,85711.0,45439.0,36155.0,37406.0,26924.0,25452.0,23240.0,19238.0,29599.0,24447.0,25030.0,23561.0,68710.0,33175.0,35174.0,41827.0,19797.0,19520.0,21405.0,30329.0,21755.0,28754.0,27259.0,19039.0,35277.0,68225.0,26130.0,56157.0,24507.0,19529.0,28377.0,31705.0,20014.0,27579.0,20119.0,25645.0
s2U,199353.0,146713.0,195734.0,216834.0,110806.0,128406.0,131902.0,188410.0,295680.0,287154.0,267717.0,290734.0,209184.0,157767.0,206616.0,263390.0,114154.0,109735.0,135102.0,151412.0,296204.0,314314.0,241470.0,280752.0,206274.0,181548.0,203896.0,199677.0,124010.0,119005.0,150510.0,187722.0,311405.0,295172.0,313847.0,236069.0,284408.0,238864.0,304401.0,321597.0,151750.0,143813.0,168447.0,180660.0,296228.0,263967.0,230305.0,319670.0,243207.0,196513.0,256495.0,265509.0,113121.0,167018.0,212787.0,157457.0,296215.0,280537.0,313169.0,306559.0,291145.0,237119.0,229493.0,226187.0,170824.0,185075.0,166044.0,130958.0,291317.0,253912.0,291004.0,291666.0,318946.0,207269.0,241485.0,276947.0,120713.0,143020.0,158868.0,165004.0,259435.0,305744.0,315280.0,276346.0,255780.0,301240.0,177161.0,278496.0,154959.0,121604.0,155378.0,156902.0,241814.0,284624.0,182368.0,287099.0
s4U,193953.0,140412.0,188240.0,205003.0,105114.0,117967.0,124647.0,182914.0,281261.0,273839.0,262345.0,284328.0,202213.0,151854.0,195088.0,246496.0,109515.0,103801.0,129400.0,143247.0,281113.0,306244.0,225075.0,272355.0,205199.0,172204.0,199799.0,191622.0,122391.0,112949.0,144529.0,182363.0,312319.0,284024.0,292953.0,228422.0,272029.0,231379.0,286549.0,309831.0,144484.0,139686.0,155989.0,173949.0,285971.0,247049.0,220615.0,315389.0,238992.0,188434.0,241904.0,253753.0,110023.0,161599.0,207218.0,154954.0,288782.0,272730.0,301179.0,296009.0,282690.0,231484.0,224622.0,216553.0,166913.0,174864.0,158947.0,125447.0,280137.0,242453.0,278339.0,279555.0,306476.0,193281.0,231929.0,258817.0,115581.0,137450.0,151882.0,159932.0,255820.0,292360.0,305721.0,264748.0,242301.0,287535.0,172319.0,272824.0,148956.0,117574.0,146977.0,150249.0,229131.0,281565.0,170392.0,272840.0
se2U,0,281.0,0,0,279.0,680.0,0,0,502.0,0,0,626.0,0,0,132.0,0,0,0,0,0,0,401.0,0,0,0,0,0,0,0,0,0,447.0,121.0,650.0,0,0,0,0,0,0,0,0,0,0,412.0,364.0,0,0,0,0,0,0,0,0,0,0,349.0,501.0,0,0,0,0,0,0,0,0,0,0,391.0,502.0,0,701.0,0,0,0,0,412.0,534.0,0,0,296.0,693.0,0,0,0,460.0,0,0,600.0,0,491.0,0,0,0,444.0,797.0
t6A,36264.0,32927.0,37134.0,41694.0,17892.0,18210.0,21745.0,28515.0,42774.0,47448.0,42939.0,48704.0,38214.0,34611.0,39089.0,50090.0,18330.0,17879.0,21284.0,21082.0,43934.0,50838.0,41498.0,50110.0,35617.0,34593.0,42403.0,39202.0,19377.0,18572.0,23104.0,27110.0,48183.0,48249.0,51036.0,42859.0,43659.0,46496.0,51550.0,54130.0,24070.0,20641.0,25923.0,28170.0,50490.0,41315.0,38132.0,55514.0,40941.0,40112.0,50975.0,47383.0,17129.0,26984.0,33323.0,26401.0,47208.0,47700.0,52728.0,55190.0,45992.0,45387.0,46885.0,45238.0,27963.0,27786.0,26530.0,16252.0,47768.0,42361.0,44820.0,48135.0,51764.0,46858.0,49145.0,56109.0,21564.0,23267.0,24136.0,22924.0,41275.0,51782.0,54483.0,33655.0,49665.0,62829.0,44713.0,52690.0,27577.0,17794.0,24828.0,23831.0,34932.0,49301.0,34251.0,50072.0
Um,12677.0,9817.0,10887.0,11604.0,5289.0,5407.0,5730.0,7258.0,12537.0,12528.0,13150.0,13588.0,14142.0,10792.0,11428.0,12492.0,5481.0,4963.0,6587.0,6428.0,14274.0,15758.0,11957.0,14486.0,13584.0,10505.0,12243.0,12132.0,6212.0,5402.0,7030.0,8063.0,14486.0,14632.0,14715.0,12732.0,17954.0,13342.0,14921.0,15875.0,7563.0,7044.0,7481.0,8758.0,14490.0,12550.0,12950.0,17102.0,14220.0,12027.0,14696.0,15133.0,5378.0,9211.0,9429.0,7397.0,15396.0,15255.0,14842.0,15091.0,16449.0,13034.0,12569.0,12728.0,8580.0,8429.0,7825.0,5637.0,15814.0,13466.0,14694.0,14618.0,19199.0,13438.0,13313.0,16297.0,7125.0,7292.0,7117.0,6688.0,13261.0,15440.0,17189.0,0,15311.0,16724.0,12483.0,15922.0,7562.0,5686.0,7601.0,7513.0,10366.0,14749.0,11016.0,14038.0
Y_191,17137.0,12619.0,14356.0,18260.0,8755.0,8684.0,10004.0,13575.0,20448.0,20298.0,19242.0,20164.0,19719.0,13817.0,16386.0,20619.0,9350.0,8068.0,10418.0,11303.0,19513.0,20386.0,17206.0,21811.0,18783.0,13167.0,16369.0,15949.0,9871.0,8054.0,10500.0,12117.0,20385.0,19051.0,22360.0,19276.0,24430.0,17607.0,19628.0,21477.0,10761.0,9892.0,11572.0,12885.0,20179.0,16762.0,17289.0,22873.0,21259.0,14623.0,18754.0,18313.0,7441.0,10753.0,14501.0,12780.0,18931.0,19498.0,20581.0,22583.0,23274.0,16669.0,18193.0,16978.0,11128.0,11755.0,11307.0,5177.0,19163.0,19102.0,19661.0,19420.0,27404.0,16522.0,18623.0,20327.0,8644.0,10034.0,9567.0,7595.0,15385.0,20977.0,21004.0,7576.0,20891.0,22296.0,16133.0,21159.0,11132.0,4520.0,10928.0,9906.0,10703.0,19240.0,14224.0,19728.0
Y_209,2418.0,1345.0,2053.0,2199.0,0,2662.0,0,2701.0,2574.0,3393.0,2969.0,2391.0,3034.0,2587.0,3021.0,2701.0,0,0,0,0,3594.0,2805.0,2474.0,3313.0,3220.0,0,2703.0,0,0,0,0,3164.0,2896.0,2504.0,3815.0,3837.0,0,0,4081.0,2727.0,0,0,0,0,3462.0,2081.0,0,3190.0,0,0,3960.0,2975.0,0,0,1736.0,0,3571.0,0,0,3457.0,4198.0,2772.0,0,0,0,0,1841.0,0,3550.0,2922.0,0,3201.0,3971.0,2583.0,0,2995.0,0,0,0,0,1825.0,3440.0,3239.0,0,0,0,2194.0,3781.0,0,0,0,0,0,3120.0,2179.0,3386.0
ct6A_162,12820.0,7844.0,9748.0,10170.0,5179.0,5339.0,5914.0,7898.0,13216.0,12188.0,12331.0,11908.0,12975.0,8010.0,9866.0,11725.0,6163.0,5082.0,5877.0,6908.0,12808.0,15401.0,10024.0,12673.0,13385.0,8744.0,9416.0,9742.0,5181.0,4776.0,6853.0,8369.0,12730.0,12589.0,13316.0,9749.0,17653.0,11929.0,13413.0,13260.0,6264.0,6082.0,7790.0,8504.0,12818.0,10349.0,10025.0,14500.0,15101.0,10170.0,11831.0,11292.0,4483.0,7742.0,9047.0,6189.0,13505.0,11846.0,13190.0,14031.0,16417.0,10634.0,11159.0,10780.0,6976.0,7375.0,7415.0,5997.0,12337.0,10280.0,11995.0,11985.0,18857.0,9283.0,11041.0,12769.0,5132.0,6068.0,6479.0,7323.0,12720.0,12386.0,14826.0,11071.0,11610.0,12101.0,9568.0,13150.0,6783.0,6197.0,6480.0,6344.0,10395.0,12144.0,7815.0,12893.0
cm5U,0,0,0,0,0,0,0,0,0,0,0,0,0,0,0,0,0,0,0,0,0,0,0,0,0,0,0,0,0,0,0,0,0,0,0,0,0,0,0,0,0,0,0,0,0,0,0,0,0,0,0,0,0,0,0,0,0,0,0,0,0,0,0,0,0,0,0,0,0,0,0,0,0,0,0,0,0,0,0,0,0,0,0,0,0,0,0,0,0,0,0,0,0,0,0,0
cm5Um,0,0,0,0,0,0,0,0,0,0,0,0,0,0,0,0,0,0,0,0,0,0,0,0,0,0,0,0,0,0,0,0,0,0,0,0,0,0,0,0,0,0,0,0,0,0,0,0,0,0,0,0,0,0,0,0,0,0,0,0,0,0,0,0,0,0,0,0,0,0,0,0,0,0,0,0,0,0,0,0,0,0,0,0,0,0,0,0,0,0,0,0,0,0,0,0
cmnm5s2U_141,0,0,0,0,0,0,0,0,0,0,0,0,0,0,0,0,0,0,0,0,0,0,0,0,0,0,0,0,0,0,0,0,0,0,0,0,0,0,0,0,0,0,0,0,0,0,0,0,0,0,0,0,0,0,0,0,0,0,0,0,0,0,0,0,0,0,0,0,0,0,0,0,0,0,0,0,0,0,0,0,0,0,0,0,0,0,0,0,0,0,0,0,0,0,0,0
cmnm5s2U_216,5110.0,5685.0,5156.0,4661.0,0,0,0,0,0,1139.0,960.0,0,5406.0,0,4687.0,0,0,0,0,0,0,0,815.0,0,6150.0,0,0,0,0,0,703.0,488.0,1473.0,0,0,952.0,6615.0,0,0,0,0,0,119.0,781.0,1072.0,0,1075.0,1136.0,6013.0,6113.0,5841.0,0,0,0,0,0,1754.0,0,1312.0,0,5378.0,8280.0,0,6481.0,0,0,0,0,0,0,0,1375.0,4835.0,6575.0,0,0,0,0,0,0,0,1390.0,0,278.0,3156.0,10041.0,6560.0,0,0,0,0,0,0,1248.0,0,1561.0
cmnm5U,0,0,0,0,0,0,0,0,0,0,0,0,0,0,0,0,0,0,0,0,0,0,0,0,0,0,0,0,0,0,0,0,0,0,0,0,0,0,0,0,0,0,0,0,0,0,0,0,0,0,0,0,0,0,0,0,0,0,0,0,0,0,0,0,0,0,0,0,0,0,0,0,0,0,0,0,0,0,0,0,0,0,0,0,0,0,0,0,0,0,0,0,0,0,0,0
cmnm5Um,0,0,1758.0,0,0,0,0,1458.0,0,0,0,0,2088.0,2034.0,2116.0,2056.0,1790.0,2182.0,2012.0,1885.0,1840.0,0,1634.0,1421.0,0,0,0,0,2614.0,0,0,0,0,0,1688.0,1762.0,0,0,0,0,0,0,0,1807.0,1369.0,1704.0,1495.0,0,0,0,1725.0,1587.0,1748.0,1885.0,0,1911.0,0,0,0,0,0,1820.0,0,2311.0,1852.0,0,0,1891.0,0,0,0,0,0,0,0,0,1771.0,0,0,1660.0,1793.0,1481.0,0,1637.0,0,0,0,0,1556.0,1753.0,1602.0,1685.0,1473.0,0,0,0
ct6A_119,164.0,0,0,0,0,0,0,0,0,0,0,0,0,0,0,0,202.0,0,0,0,0,0,0,0,0,0,266.0,0,0,0,0,0,0,0,0,0,0,0,0,0,0,0,0,0,0,0,0,0,0,0,0,0,250.0,0,0,0,0,0,0,0,0,0,0,0,0,0,0,0,0,0,0,0,0,0,0,0,0,0,0,0,0,245.0,0,141.0,0,0,0,203.0,0,0,0,0,0,0,0,220.0
g6A,3428.0,2318.0,2990.0,3411.0,2875.0,2690.0,3793.0,3876.0,3077.0,3579.0,3769.0,3490.0,4337.0,2150.0,2836.0,4865.0,3427.0,3048.0,2817.0,2768.0,3581.0,3596.0,4023.0,4272.0,3030.0,2532.0,3037.0,2979.0,2902.0,2543.0,3090.0,3933.0,3907.0,3669.0,4312.0,4236.0,4480.0,3463.0,4280.0,3970.0,3213.0,3096.0,3465.0,4154.0,3574.0,3693.0,4187.0,3996.0,4117.0,2721.0,3537.0,2947.0,2142.0,3440.0,3735.0,3541.0,3566.0,3866.0,4656.0,4429.0,3724.0,3198.0,2936.0,3303.0,3445.0,3330.0,3441.0,1621.0,3262.0,4093.0,3486.0,3063.0,4740.0,3411.0,3564.0,3241.0,2319.0,2814.0,2805.0,2893.0,3410.0,3634.0,3436.0,2004.0,3999.0,4091.0,2510.0,4420.0,3171.0,1979.0,2935.0,3100.0,2629.0,3090.0,4340.0,3714.0
imG-14,0,0,0,0,0,0,0,0,0,0,0,0,0,0,0,0,0,0,0,0,0,0,0,0,0,0,0,0,0,0,0,0,0,0,0,0,107.0,137.0,0,0,0,0,0,0,0,0,0,0,0,0,0,0,0,0,0,0,0,0,0,0,0,0,0,0,0,0,0,0,0,0,0,0,0,0,0,0,0,0,0,0,0,0,0,0,0,0,0,0,0,0,0,0,0,0,0,0
inm5U,34884.0,24040.0,31509.0,34371.0,15578.0,17978.0,17914.0,26585.0,38284.0,35745.0,33245.0,37441.0,42800.0,26184.0,33226.0,40940.0,18373.0,16051.0,19893.0,23217.0,40463.0,42082.0,32470.0,35996.0,42508.0,31862.0,39565.0,33916.0,19156.0,20074.0,23098.0,30038.0,48744.0,45207.0,45611.0,34068.0,57805.0,44298.0,59353.0,55784.0,23246.0,21573.0,24740.0,29348.0,45191.0,38090.0,34464.0,47334.0,50515.0,36754.0,47843.0,52480.0,20091.0,27864.0,35060.0,27132.0,48262.0,45159.0,44578.0,49776.0,67052.0,48564.0,45922.0,46717.0,31597.0,30810.0,29166.0,24185.0,47564.0,41689.0,46116.0,47819.0,66081.0,45430.0,49809.0,57561.0,22212.0,26837.0,28699.0,32785.0,42928.0,49889.0,52102.0,49201.0,54078.0,68977.0,41962.0,62122.0,26663.0,26848.0,27510.0,28752.0,44360.0,50332.0,30377.0,46979.0
m1G/m2G,714520.0,481943.0,586467.0,638280.0,270040.0,304793.0,319270.0,447193.0,667119.0,646348.0,612930.0,677940.0,784901.0,487504.0,623559.0,782603.0,280417.0,258200.0,317786.0,351493.0,677008.0,695564.0,534894.0,620421.0,749193.0,542455.0,627456.0,567679.0,295479.0,271078.0,347383.0,408085.0,687465.0,647651.0,654977.0,518278.0,924260.0,715657.0,885669.0,875477.0,337193.0,326513.0,369098.0,400662.0,647941.0,566089.0,507190.0,699647.0,853461.0,606918.0,706451.0,745054.0,258176.0,371373.0,462953.0,359153.0,642958.0,615344.0,669778.0,673852.0,950532.0,686906.0,668225.0,669461.0,379320.0,401081.0,370909.0,321008.0,630983.0,556305.0,632008.0,618711.0,1011184.0,652925.0,702027.0,771343.0,301060.0,320347.0,357051.0,394342.0,575892.0,643643.0,679102.0,633238.0,748656.0,918247.0,592415.0,822027.0,362463.0,320368.0,351705.0,361091.0,552920.0,648697.0,413310.0,615948.0
m4Cm/m5Cm,515.0,0,459.0,0,0,0,0,0,0,0,0,294.0,0,0,414.0,0,0,399.0,0,0,0,0,0,0,0,0,2443.0,0,290.0,0,3502.0,0,0,0,0,0,2632.0,2383.0,0,0,0,0,0,3255.0,0,0,0,0,0,2366.0,0,0,0,0,2824.0,0,0,0,0,0,0,0,0,0,2424.0,0,0,0,0,2395.0,0,3116.0,0,2428.0,0,2424.0,0,2569.0,0,0,2140.0,0,0,2651.0,3157.0,2425.0,2335.0,0,2403.0,2227.0,0,0,1967.0,0,2203.0,2628.0
m5s2U,0,0,0,0,0,0,0,0,0,0,0,0,0,0,0,0,0,0,0,0,0,0,0,0,0,0,0,0,0,158.0,0,0,0,0,0,0,0,0,121.0,0,0,0,0,0,0,0,0,0,0,142.0,0,0,0,0,0,0,0,0,0,0,0,0,0,0,0,0,0,0,0,0,0,0,0,0,0,0,0,0,0,0,0,0,253.0,0,0,0,0,0,0,0,0,0,0,0,0,0
m6Am,0,0,0,0,0,0,0,0,0,0,0,0,0,0,0,0,0,0,0,0,0,0,0,0,0,0,0,0,0,0,0,0,0,0,0,0,0,0,0,0,0,0,0,0,0,0,0,0,0,0,0,0,0,0,0,0,0,0,0,0,0,0,0,0,0,0,0,0,0,0,0,0,0,0,0,0,0,0,0,0,0,0,0,0,0,0,0,0,0,0,0,0,0,0,0,0
m6t6A,39420.0,32509.0,37050.0,36849.0,18740.0,20823.0,21551.0,30290.0,46855.0,48717.0,44108.0,50880.0,43001.0,35395.0,39466.0,46837.0,18868.0,19212.0,23783.0,24993.0,50402.0,56627.0,45589.0,56302.0,40963.0,34137.0,42414.0,38767.0,20891.0,19987.0,24961.0,28730.0,50106.0,50848.0,52050.0,46165.0,49012.0,39297.0,47392.0,48010.0,25012.0,21721.0,26871.0,31173.0,51749.0,43686.0,40227.0,57158.0,45179.0,39732.0,47121.0,46787.0,19781.0,31513.0,33833.0,26484.0,50358.0,50563.0,53198.0,53435.0,50507.0,42321.0,44075.0,43703.0,30668.0,30171.0,27952.0,17843.0,50444.0,44036.0,50983.0,50693.0,59837.0,43368.0,48032.0,53935.0,20772.0,23436.0,25577.0,25312.0,45316.0,53590.0,58120.0,35978.0,47865.0,57099.0,40472.0,46951.0,26142.0,17262.0,22964.0,25143.0,37368.0,51260.0,33854.0,50578.0
mnm5U_156,0,0,0,0,0,0,0,0,0,0,0,0,0,0,0,0,0,0,0,0,0,0,0,0,0,0,0,0,0,0,0,0,0,0,0,0,0,0,0,0,0,0,0,0,0,0,0,0,0,0,0,0,0,0,0,0,0,0,0,0,0,0,0,0,0,0,0,0,0,0,0,0,0,0,0,0,0,0,0,0,0,0,0,0,0,0,0,0,0,0,0,0,0,0,0,0
mnm5U_239,6141.0,4711.0,5302.0,5103.0,4710.0,4562.0,4050.0,4998.0,4482.0,4457.0,5171.0,5306.0,6978.0,5894.0,5881.0,5033.0,5533.0,5216.0,4723.0,3915.0,4695.0,4342.0,5205.0,5075.0,7935.0,6434.0,4906.0,4100.0,4125.0,5109.0,4586.0,5628.0,4429.0,4829.0,5081.0,5117.0,6281.0,5584.0,5026.0,5541.0,4833.0,3980.0,4204.0,4577.0,4022.0,4303.0,4822.0,5321.0,6684.0,5572.0,4994.0,5465.0,4226.0,4240.0,4319.0,4335.0,4290.0,4560.0,4934.0,4135.0,6407.0,5837.0,5347.0,4812.0,4964.0,5153.0,5039.0,5114.0,5090.0,5380.0,5156.0,4588.0,6711.0,5516.0,4621.0,6064.0,4854.0,4926.0,5112.0,4542.0,5314.0,3468.0,5465.0,5330.0,6038.0,5673.0,6212.0,4668.0,4804.0,4976.0,4119.0,4530.0,4814.0,5930.0,4786.0,6011.0
ms2t6A_182,0,356.0,451.0,366.0,472.0,481.0,303.0,345.0,306.0,503.0,0,462.0,347.0,372.0,0,405.0,483.0,596.0,467.0,439.0,0,595.0,0,0,606.0,385.0,381.0,277.0,599.0,346.0,495.0,0,0,512.0,397.0,495.0,469.0,0,0,505.0,617.0,397.0,395.0,214.0,0,0,491.0,510.0,0,305.0,0,345.0,328.0,568.0,306.0,0,454.0,0,0,0,328.0,423.0,314.0,363.0,560.0,348.0,474.0,467.0,444.0,0,501.0,534.0,582.0,442.0,629.0,349.0,455.0,401.0,416.0,520.0,606.0,529.0,0,360.0,515.0,503.0,0,378.0,424.0,409.0,369.0,599.0,520.0,0,0,394.0
ms2t6A_327,3280.0,0,2616.0,2518.0,2665.0,0,0,2736.0,0,2344.0,2751.0,2883.0,3577.0,2872.0,2314.0,2636.0,2660.0,2720.0,2799.0,2625.0,2588.0,2226.0,2548.0,2920.0,3390.0,2789.0,2364.0,0,2679.0,2828.0,2468.0,0,2575.0,0,2287.0,0,3307.0,0,0,0,2394.0,2519.0,2309.0,2680.0,2479.0,0,2430.0,2677.0,3443.0,2771.0,2403.0,0,2325.0,2624.0,0,2385.0,0,2281.0,2685.0,2581.0,3011.0,2538.0,2546.0,0,2850.0,0,2081.0,0,3073.0,0,2505.0,2554.0,0,2582.0,351.0,2333.0,2839.0,0,0,2566.0,2456.0,0,2298.0,0,3366.0,2827.0,0,0,2415.0,2829.0,2481.0,3187.0,0,2993.0,0,0
ncm5s2U_169,0,0,0,0,0,0,0,0,0,0,0,0,0,0,0,0,0,0,0,0,0,0,0,0,0,0,0,0,0,0,0,0,0,0,0,0,0,0,0,0,0,0,0,0,0,0,0,0,0,0,0,0,0,0,0,0,0,0,0,0,0,0,0,0,0,0,0,0,0,0,0,0,0,0,0,0,0,0,0,0,0,0,0,0,0,0,0,0,0,0,0,0,0,0,0,0
ncm5s2U_186,0,0,0,0,0,0,0,0,0,0,0,0,0,0,0,0,0,0,0,0,0,0,0,0,0,0,0,0,0,0,0,0,0,0,0,0,0,0,0,0,0,0,0,0,0,0,0,0,0,0,0,0,0,0,0,0,0,0,0,0,0,0,0,0,0,0,0,0,0,0,0,0,0,0,0,0,0,0,0,0,0,0,0,0,0,0,0,0,0,0,0,0,0,0,0,0
ncm5U_153,0,0,0,0,0,0,0,0,0,0,0,0,0,0,0,0,0,0,0,0,0,0,0,0,0,0,0,0,0,0,0,0,0,0,0,0,0,0,226.0,0,0,0,0,0,0,0,0,0,0,0,0,0,0,0,0,0,184.0,0,0,0,0,228.0,0,0,0,0,182.0,0,0,0,0,0,296.0,0,0,0,0,0,0,0,0,0,0,0,0,0,0,0,0,0,0,0,0,0,0,0
ncm5U_170,0,0,0,0,0,0,0,0,0,0,0,0,0,0,0,0,0,0,0,0,0,0,0,0,0,0,0,0,0,0,0,0,0,0,0,0,0,0,0,0,0,0,0,0,0,0,0,0,0,0,0,0,0,0,0,0,0,0,0,0,131.0,141.0,0,0,0,0,0,0,0,0,0,0,0,0,0,0,0,0,0,0,0,0,0,0,0,0,0,0,0,0,0,0,0,0,109.0,0
ncm5Um,0,0,0,0,0,0,0,0,0,0,0,0,0,0,0,0,0,0,0,0,0,0,0,0,0,0,0,0,0,0,0,0,0,0,0,0,0,0,0,0,0,0,0,0,0,0,0,0,0,0,0,0,0,0,0,0,0,0,0,0,0,0,0,0,0,0,0,0,0,0,0,0,0,0,0,0,0,0,0,0,0,0,0,0,0,0,0,0,0,0,0,0,0,0,0,0
nm5s2U_158,0,0,0,0,0,0,0,0,0,0,0,0,0,0,0,0,0,0,0,0,0,138.0,0,0,0,0,0,0,0,0,0,0,0,0,0,0,0,0,0,0,0,0,0,0,0,0,0,0,0,0,0,0,0,0,0,0,0,0,0,0,0,0,0,0,0,0,0,0,0,0,0,0,0,0,0,0,0,0,0,0,0,0,0,0,0,0,0,0,0,0,0,0,0,0,0,0
oQ_163,145.0,0,0,0,0,0,0,0,0,117.0,0,0,0,0,0,0,0,0,0,0,0,0,0,0,125.0,0,0,0,0,0,0,0,0,0,0,0,0,0,0,0,0,0,0,0,0,0,0,0,116.0,0,0,0,0,0,0,0,0,0,0,0,0,133.0,133.0,276.0,0,106.0,0,0,0,0,0,0,192.0,0,0,0,0,0,0,0,0,0,0,0,0,0,0,0,0,0,0,0,0,0,0,0
oQ_295,0,0,0,0,0,0,0,0,0,0,0,128.0,0,0,0,0,0,0,0,0,0,0,0,0,0,0,0,0,0,0,0,0,0,0,0,0,0,0,0,0,0,0,0,0,0,0,0,0,0,0,0,0,0,0,0,0,0,0,0,0,0,0,0,0,0,0,0,0,0,0,0,0,0,0,0,0,0,0,0,0,0,0,0,0,0,0,0,0,0,0,0,0,0,0,0,0
preQ1_295,0,0,0,0,0,0,117.0,143.0,0,0,0,0,0,0,0,0,170.0,0,0,0,0,208.0,0,0,0,0,0,0,0,0,0,0,0,0,0,203.0,0,0,0,0,0,0,0,0,0,0,0,246.0,0,0,0,0,0,0,0,0,0,0,0,285.0,415.0,0,0,0,0,0,0,0,0,0,152.0,0,0,0,0,0,0,0,0,0,0,133.0,0,0,0,0,0,0,0,0,0,0,0,0,0,134.0
rA,77205253.0,57002765.0,68236119.0,73038843.0,33144664.0,36321133.0,39477253.0,54509006.0,78990698.0,75540164.0,73293459.0,79353957.0,77067882.0,56030807.0,68479941.0,81426245.0,33006282.0,31190438.0,36929051.0,40890770.0,77287993.0,79796853.0,62208052.0,70220821.0,74772547.0,61588693.0,64377010.0,58252999.0,33233612.0,31119788.0,39702662.0,46377422.0,78576959.0,72464754.0,73634210.0,58552036.0,88840482.0,74534590.0,88704345.0,92351202.0,37913991.0,36381668.0,40925985.0,45253884.0,70443620.0,61991994.0,56873558.0,80196879.0,80900318.0,61856291.0,74749962.0,78208746.0,29073486.0,40725593.0,51159185.0,39844524.0,72017669.0,66576186.0,76363010.0,74342801.0,90806989.0,73350015.0,68471879.0,67928084.0,41105446.0,44043912.0,41391915.0,36232908.0,68348285.0,61168616.0,68962379.0,69766964.0,92625992.0,64530235.0,71878186.0,78144967.0,33903315.0,35329881.0,39470521.0,41372756.0,64676154.0,72530958.0,74321869.0,0,75193171.0,89990996.0,59012460.0,85081939.0,38895217.0,34906648.0,36355598.0,37761891.0,60901901.0,68869543.0,44393517.0,68696908.0
rC,20312357.0,14404032.0,17692341.0,18370085.0,9302744.0,10083055.0,10870223.0,14267803.0,20934989.0,21711051.0,20740265.0,22182548.0,21068962.0,14530434.0,17593978.0,20632554.0,9046320.0,8467335.0,10500747.0,11198653.0,20218370.0,21618687.0,17831914.0,20930384.0,19824885.0,14637336.0,16516264.0,16543665.0,9300280.0,7810266.0,10622427.0,12176831.0,20633308.0,18907046.0,20772811.0,17340499.0,24839447.0,17545210.0,20302971.0,20572985.0,10041456.0,9259687.0,10735139.0,12137660.0,18450255.0,16130661.0,16075294.0,21412337.0,21621868.0,15570731.0,17941841.0,18416079.0,7310014.0,10301699.0,13322080.0,10848922.0,18102811.0,17990871.0,19972398.0,20474838.0,23605851.0,16717171.0,16811891.0,16985620.0,10216462.0,10738142.0,10206340.0,5955008.0,16509048.0,15730248.0,18287724.0,17889581.0,25407857.0,15712928.0,17042469.0,19081702.0,8162443.0,8466440.0,8987557.0,7928512.0,13509587.0,19100247.0,18600008.0,10117291.0,19843843.0,21041515.0,14406680.0,18637874.0,9517849.0,5315451.0,8760529.0,8477662.0,11321048.0,17346361.0,11543969.0,16788266.0
rG,76346095.0,59562831.0,70246484.0,74307159.0,35483918.0,38990930.0,41027766.0,56112318.0,80339106.0,76590092.0,76342171.0,79781524.0,75408254.0,57799259.0,71082996.0,81865556.0,35883454.0,33755518.0,40396648.0,43889343.0,78986871.0,82647575.0,65202774.0,73036839.0,74672556.0,65021010.0,68783571.0,61485014.0,37417703.0,35174729.0,43929680.0,50163490.0,81841683.0,76220642.0,77892724.0,62652787.0,89905991.0,77103188.0,92552201.0,95981943.0,42016348.0,40975517.0,45313135.0,50814537.0,75560255.0,68697544.0,61919254.0,82685035.0,81671089.0,66962416.0,79957730.0,81196807.0,33224917.0,45978988.0,56875315.0,44154383.0,76727918.0,71177625.0,78987186.0,78342255.0,92177665.0,78981050.0,72324350.0,74272752.0,46689743.0,49664839.0,46192260.0,0,73264151.0,66164426.0,74260920.0,75184646.0,97307871.0,68682609.0,77564952.0,81479843.0,38011347.0,40094094.0,43958930.0,48740823.0,71462733.0,76909141.0,79856049.0,0,77881576.0,95247037.0,64433391.0,90509588.0,43418848.0,0,42171667.0,43846835.0,69900342.0,75222812.0,50221807.0,73416937.0
rU,5211620.0,4311236.0,5252865.0,5567997.0,2653605.0,2957097.0,3170415.0,4130791.0,5806326.0,5477255.0,5497025.0,5769119.0,5779424.0,4578516.0,5543027.0,6427426.0,2765927.0,2612645.0,3099925.0,3289947.0,5811306.0,6053101.0,4756361.0,5236502.0,5678603.0,5301449.0,5546509.0,5256648.0,2932461.0,2779225.0,3461520.0,3949109.0,6212507.0,5785646.0,5785287.0,4742117.0,7322497.0,6489486.0,7629924.0,7653150.0,3402141.0,3317447.0,3602907.0,4024271.0,5808277.0,5358874.0,4760039.0,6226761.0,6539230.0,5603005.0,6589701.0,6610855.0,2701487.0,3768445.0,4539361.0,3522035.0,5985048.0,5533496.0,6083216.0,6036427.0,7118886.0,6293948.0,6014753.0,6230047.0,3768284.0,3972996.0,3774772.0,0,5651853.0,5174264.0,5770384.0,5894901.0,7717216.0,5855734.0,6362128.0,6866115.0,3110680.0,3299781.0,3590619.0,3694113.0,5734443.0,6033577.0,6218413.0,0,6292816.0,7987443.0,5672307.0,7530731.0,3581455.0,0,3556027.0,3529294.0,5385171.0,5929021.0,3969631.0,5842078.0
s2Um,0,0,0,0,0,0,0,0,0,0,0,0,0,0,0,0,0,0,0,0,0,0,0,0,0,0,0,0,0,0,0,0,0,0,0,0,0,0,0,0,0,0,0,0,945.0,0,0,0,0,0,0,0,0,0,0,0,0,0,0,0,0,0,0,0,0,0,0,0,0,0,0,0,0,0,0,0,0,0,0,0,0,0,0,102.0,0,0,0,0,0,0,0,0,0,0,0,0
