Columns,['02_A1.d', '03_A2.d', '04_A3.d', '05_A4.d', '06_A5.d', '07_A6.d', '08_A7.d', '09_A8.d', '10_A9.d', '100_H6.d', '102_H7.d', '103_H8.d', '104_H9.d', '105_H10.d', '106_H11.d', '107_H12.d', '12_A10.d', '13_A11.d', '14_A12.d', '15_B1.d', '16_B2.d', '17_B3.d', '18_B4.d', '19_B5.d', '20_B6.d', '22_B7.d', '23_B8.d', '24_B9.d', '25_B10.d', '26_B11.d', '27_B12.d', '28_C1.d', '29_C2.d', '30_C3.d', '32_C4.d', '33_C5.d', '34_C6.d', '35_C7.d', '36_C8.d', '37_C9.d', '38_C10.d', '39_C11.d', '40_C12.d', '42_D1.d', '43_D2.d', '44_D3.d', '45_D4.d', '46_D5.d', '47_D6.d', '48_D7.d', '49_D8.d', '50_D9.d', '52_D10.d', '53_D11.d', '54_D12.d', '55_E1.d', '56_E2.d', '57_E3.d', '58_E4.d', '59_E5.d', '60_E6.d', '62_E7.d', '63_E8.d', '64_E9.d', '65_E10.d', '66_E11.d', '67_E12.d', '68_F1.d', '68_F2.d', '68_F3.d', '72_F4.d', '73_F5.d', '74_F6.d', '75_F7.d', '76_F8.d', '77_F9.d', '78_F10.d', '79_F11.d', '80_F12.d', '82_G1.d', '83_G2.d', '84_G3.d', '85_G4.d', '86_G5.d', '87_G6.d', '88_G7.d', '89_G8.d', '90_G9.d', '92_G10.d', '93_G11.d', '94_G12.d', '95_H1.d', '96_H2.d', '97_H3.d', '98_H4.d', '99_H5.d']
C,[49.5, 48.28, 47.16, 37.73, 35.42, 41.35, 38.88, 59.31, 47.19, 38.08, 33.34, 43.98, 46.94, 39.0, 26.93, 31.64, 44.34, 46.94, 42.5, 37.46, 39.02, 43.91, 37.6, 34.68, 39.33, 35.48, 54.25, 46.85, 52.79, 41.22, 52.56, 49.66, 32.23, 33.88, 44.94, 35.43, 44.48, 49.09, 53.98, 45.71, 52.11, 42.9, 46.57, 34.64, 35.74, 34.7, 39.87, 36.06, 37.55, 34.83, 51.47, 41.66, 41.27, 44.19, 40.35, 29.56, 37.62, 35.22, 40.71, 35.53, 11.78, 34.65, 49.61, 45.68, 46.37, 33.81, 39.87, 31.69, 33.21, 37.22, 36.68, 35.12, 37.28, 38.94, 46.74, 38.0, 39.47, 40.33, 43.77, 31.11, 37.1, 36.59, 41.69, 33.9, 36.46, 36.04, 43.02, 39.36, 41.33, 31.42, 35.26, 47.67, 44.38, 48.57, 36.73, 29.45]
U,[35.0, 37.26, 34.66, 30.77, 27.17, 31.83, 30.02, 43.3, 34.87, 30.92, 26.29, 31.53, 34.71, 29.34, 21.61, 26.31, 33.21, 32.29, 32.86, 27.17, 28.85, 31.24, 29.12, 26.45, 26.43, 27.22, 39.84, 33.82, 36.42, 29.84, 38.26, 37.19, 24.87, 26.88, 30.58, 26.09, 31.36, 35.34, 37.27, 32.72, 35.54, 32.56, 33.68, 23.47, 27.42, 26.46, 28.55, 27.33, 28.47, 24.75, 37.57, 28.79, 29.85, 32.19, 28.52, 21.95, 29.06, 26.17, 30.53, 25.52, 26.83, 27.82, 35.43, 30.92, 32.97, 26.06, 31.49, 23.07, 26.56, 28.42, 25.31, 25.57, 27.65, 26.79, 33.4, 27.98, 28.8, 28.65, 34.5, 26.18, 27.47, 28.24, 29.59, 24.4, 29.57, 27.41, 31.48, 29.33, 27.61, 22.95, 25.81, 36.36, 32.84, 36.7, 28.91, 23.26]
G,[88.24, 91.04, 88.88, 78.93, 65.89, 75.7, 75.25, 108.18, 87.86, 74.72, 68.76, 79.16, 82.06, 72.02, 52.93, 61.0, 84.04, 81.4, 80.75, 68.13, 68.79, 74.21, 68.94, 64.13, 64.07, 68.26, 100.54, 85.6, 90.15, 70.55, 94.44, 91.4, 63.37, 63.46, 79.85, 65.29, 78.83, 88.95, 91.48, 79.77, 86.47, 77.12, 79.03, 55.82, 67.28, 65.26, 71.71, 63.89, 66.15, 58.53, 89.68, 72.7, 75.45, 74.99, 70.68, 56.01, 72.56, 65.01, 77.32, 61.98, 67.94, 72.31, 83.76, 72.47, 82.03, 63.0, 76.27, 56.35, 62.81, 70.65, 61.68, 62.87, 67.0, 64.04, 78.61, 66.51, 69.42, 69.39, 80.68, 63.57, 71.47, 68.48, 70.35, 60.92, 74.67, 64.69, 75.08, 70.71, 67.79, 57.72, 59.78, 89.18, 81.39, 90.12, 73.46, 55.21]
A,[61.46, 64.01, 60.92, 53.6, 46.71, 55.44, 52.81, 75.11, 59.86, 53.24, 47.46, 55.01, 59.84, 50.27, 35.99, 45.02, 57.79, 56.13, 55.9, 48.26, 50.87, 54.64, 50.08, 46.98, 45.95, 48.01, 69.88, 59.27, 63.51, 52.59, 65.7, 66.37, 43.23, 47.19, 53.89, 45.12, 53.74, 62.11, 65.01, 56.13, 61.68, 56.13, 57.89, 40.65, 45.53, 45.78, 48.68, 46.68, 49.81, 42.78, 64.27, 50.2, 52.2, 54.73, 48.39, 37.88, 50.43, 45.31, 52.88, 44.2, 47.39, 49.83, 60.94, 53.48, 56.94, 44.47, 54.2, 39.99, 44.43, 48.29, 44.81, 44.11, 48.15, 46.2, 57.99, 47.84, 49.5, 48.84, 59.52, 45.41, 49.11, 50.01, 51.26, 42.78, 51.93, 46.92, 54.34, 48.62, 48.43, 39.46, 43.33, 59.21, 58.39, 65.0, 50.5, 40.53]
m1G,[414296.73, 499550.01, 441238.51, 430980.0, 345320.45, 423845.87, 415548.85, 594910.35, 506834.37, 385979.2, 318648.29, 471462.88, 486122.26, 409146.85, 290214.61, 358098.94, 466558.23, 462569.41, 465251.14, 341640.53, 376618.07, 411211.81, 399412.79, 348824.64, 363521.67, 389091.69, 577060.56, 480480.44, 515002.67, 446296.49, 585023.19, 493039.94, 326778.67, 344647.66, 403491.44, 347668.1, 423929.41, 480719.2, 515092.13, 471031.97, 505043.22, 470490.34, 492575.23, 301161.09, 345879.63, 339193.31, 367107.34, 355268.72, 369361.19, 325279.79, 513485.92, 396523.22, 412257.55, 427726.26, 393335.96, 283412.32, 377151.9, 350664.56, 400584.28, 314848.36, 311463.24, 363022.78, 485319.04, 410401.71, 436757.86, 344093.07, 429674.48, 294570.38, 331097.52, 375756.51, 342469.01, 330375.6, 354839.1, 348481.45, 455930.69, 382650.11, 385132.3, 386471.28, 463070.75, 307247.99, 342035.82, 342359.41, 365953.62, 322220.06, 380151.53, 354852.75, 461000.31, 396767.33, 375960.88, 322434.1, 349823.0, 456744.34, 412395.48, 454077.3, 357821.52, 289651.57]
m2G,[10872.79, 15979.97, 17101.05, 15157.38, 18698.21, 18807.65, 11420.22, 15100.43, 13464.43, 15192.63, 9692.07, 10711.97, 11379.61, 13083.18, 16683.94, 16608.03, 12850.45, 12368.19, 16715.58, 11212.63, 19678.06, 19057.57, 18759.98, 14912.4, 17727.79, 8810.72, 12670.22, 12560.98, 14057.2, 14210.27, 18444.16, 10542.56, 15620.39, 16419.42, 18214.92, 16062.78, 17668.77, 12029.96, 10932.17, 12714.36, 17189.04, 13372.28, 16633.21, 10204.46, 17056.99, 17325.04, 17302.48, 16337.69, 18070.35, 9438.44, 13442.15, 13484.5, 14421.69, 14195.09, 16770.0, 6482.39, 16192.76, 11011.59, 17779.9, 14252.47, 12742.33, 10693.35, 10479.41, 13174.45, 17129.03, 11353.83, 17781.09, 8310.21, 14535.11, 19536.72, 15538.27, 16513.58, 18134.78, 9727.93, 11493.98, 13055.82, 14844.49, 20266.08, 17640.41, 9313.4, 16981.62, 13995.92, 17503.26, 12538.62, 27248.63, 9984.32, 10568.38, 10851.78, 13130.77, 10086.22, 18455.67, 9393.67, 15742.19, 14079.63, 18551.46, 15378.51]
I,[61495.76, 70011.19, 61015.66, 54950.17, 45999.9, 55333.1, 53403.66, 72793.96, 59401.23, 52505.2, 43615.98, 52324.22, 58529.62, 48677.61, 34389.67, 39395.96, 56361.44, 54174.4, 55029.51, 50170.89, 47392.77, 55181.56, 50915.42, 48970.78, 45684.52, 47306.95, 70594.56, 57506.0, 62420.49, 51775.31, 65026.63, 69842.63, 40803.3, 45638.38, 53438.19, 46196.52, 53299.33, 64339.32, 62945.11, 56805.87, 62432.62, 56373.91, 56942.11, 41653.4, 44679.61, 43400.75, 45683.77, 44558.94, 46530.87, 46193.47, 64602.9, 48456.97, 49142.57, 54212.62, 44518.35, 39031.09, 49415.83, 45360.63, 57716.61, 43509.99, 43682.98, 47567.16, 59498.92, 52044.7, 54747.46, 45021.3, 53758.37, 40311.02, 44375.21, 46851.81, 41980.62, 42339.9, 45665.76, 45190.61, 56941.82, 45600.16, 48099.26, 45309.09, 56780.81, 46465.97, 46135.54, 48192.26, 48842.98, 41743.7, 45766.81, 45507.02, 51045.63, 48143.61, 44431.75, 39444.25, 39488.78, 64888.84, 56192.23, 66858.45, 47062.36, 38207.2]
ho5U,[1577.18, 1587.41, 1434.81, 1076.11, 1091.87, 1478.47, 1198.39, 1904.52, 1535.42, 1495.19, 1446.31, 1076.26, 1666.67, 1519.15, 821.58, 1198.41, 1399.34, 1428.44, 1347.7, 1515.89, 1397.84, 1485.7, 1103.66, 1530.43, 1150.57, 1262.74, 1651.54, 1639.27, 1516.93, 1561.23, 1469.17, 1600.28, 1015.82, 1218.35, 1457.25, 965.0, 1373.16, 1627.5, 1761.29, 1444.14, 1583.49, 1456.36, 1304.47, 1165.74, 1200.01, 1198.61, 1257.64, 1075.56, 1315.06, 1082.25, 1858.15, 1370.4, 1361.2, 1292.08, 1278.59, 793.35, 1223.91, 1374.51, 1468.05, 1096.95, 324.52, 1447.08, 1785.01, 1269.79, 1419.75, 1216.69, 1306.86, 933.89, 1171.04, 1223.65, 1399.66, 1033.66, 1224.91, 1472.62, 1249.27, 1313.4, 1510.95, 1254.66, 1792.15, 1052.03, 924.6, 1200.12, 1207.37, 1133.52, 1136.1, 1163.96, 1435.72, 1287.44, 1197.36, 977.36, 1127.11, 1326.8, 1320.52, 1661.93, 1198.31, 1000.34]
s2C,[158021.28, 161356.65, 151094.37, 127933.16, 110473.33, 132726.43, 131383.09, 181546.47, 145010.69, 124013.8, 106138.69, 115370.58, 135962.62, 106463.93, 72022.56, 86718.26, 134391.31, 125999.0, 128808.57, 121865.6, 113857.08, 132102.85, 122301.35, 111707.18, 107060.16, 116134.64, 171787.41, 138461.58, 155482.14, 120222.82, 150564.93, 177920.61, 96593.83, 109742.1, 131553.07, 102896.19, 128127.56, 153862.09, 158924.56, 130717.72, 144105.27, 130412.42, 129314.6, 97906.28, 104986.93, 101928.95, 111189.54, 105943.08, 108322.07, 98072.2, 149115.11, 109248.37, 112600.45, 125708.28, 102316.94, 96412.95, 115614.65, 105565.57, 120300.88, 95820.18, 90113.27, 116853.73, 141880.85, 119821.36, 125974.73, 98275.26, 106619.15, 98120.39, 105930.12, 106463.31, 98691.04, 97022.64, 100826.52, 111738.54, 135970.53, 104576.66, 109840.4, 99999.91, 123612.07, 110445.98, 112000.32, 114208.9, 115051.06, 96706.1, 107995.35, 104536.22, 116100.22, 109352.95, 105600.72, 85395.09, 83718.54, 159377.48, 136113.45, 159344.6, 109590.96, 89899.68]
15N-dA,[603783.04, 689670.84, 621656.21, 643851.1, 625640.5, 636062.41, 584007.06, 696276.73, 715186.72, 698293.74, 596246.83, 744356.59, 682111.99, 658066.27, 665804.44, 693544.0, 658716.3, 691445.51, 762668.92, 672584.08, 643491.69, 642801.65, 624685.38, 626951.38, 616631.34, 557836.27, 656931.54, 651253.47, 642008.08, 653926.46, 727837.53, 670084.56, 681939.73, 630499.58, 581544.31, 618051.43, 615111.59, 565325.9, 648512.48, 643928.36, 635157.59, 681703.61, 690135.03, 623802.04, 666219.93, 642596.0, 624120.96, 605186.42, 630285.06, 566012.1, 645981.6, 647324.59, 622007.98, 661159.33, 688608.56, 683223.67, 674221.58, 663606.48, 637421.82, 615517.85, 618020.21, 541017.22, 632610.71, 617189.66, 652368.68, 691947.7, 683584.06, 653558.09, 670872.22, 635786.14, 610302.66, 641020.37, 626031.43, 584497.1, 676229.78, 650360.83, 624733.0, 638063.28, 694296.94, 646124.48, 682010.36, 666455.71, 650113.6, 690618.3, 618888.78, 594957.42, 680668.49, 651577.67, 607441.77, 675235.96, 687774.71, 821145.63, 779127.25, 716149.73, 734940.75, 716283.32]
ac4C,[383.37, 780.66, 677.08, 379.72, 778.77, 996.29, 511.37, 878.58, 683.02, 1425.02, 386.5, 526.12, 828.02, 707.15, 906.81, 929.3, 1021.25, 769.87, 1121.43, 319.72, 545.78, 990.81, 689.36, 552.44, 987.62, 459.23, 463.61, 283.24, 941.57, 928.18, 1197.76, 414.99, 306.59, 573.23, 1370.53, 268.05, 1319.7, 545.77, 1133.24, 831.16, 958.15, 1017.93, 802.69, 405.53, 888.77, 1053.81, 1098.02, 425.36, 1166.19, 527.04, 1012.39, 776.01, 1034.54, 901.31, 927.24, 228.49, 327.63, 335.84, 911.06, 400.28, 758.21, 448.72, 757.8, 976.91, 1093.5, 690.51, 1047.06, 277.54, 408.31, 572.45, 802.55, 556.94, 1117.91, 444.64, 832.71, 754.84, 963.35, 836.52, 1122.33, 301.82, 428.59, 517.75, 876.31, 182.13, 725.14, 182.2, 747.82, 859.41, 593.34, 687.49, 961.38, 453.96, 1065.38, 559.33, 898.71, 581.17]
acp3U,[133323.13, 171140.02, 136721.19, 142090.33, 119002.32, 145215.71, 132389.97, 186179.69, 158281.2, 113490.94, 100473.17, 155866.21, 154533.45, 144087.58, 99859.56, 123227.3, 151009.42, 157763.62, 147816.5, 107512.8, 117129.17, 130799.14, 130629.43, 106322.66, 116581.68, 122735.41, 177382.42, 159236.67, 152929.94, 144124.66, 185824.33, 157449.82, 105680.89, 111970.48, 138747.94, 116115.37, 133636.52, 151189.82, 165046.49, 144698.35, 157553.15, 146919.36, 161136.19, 101183.96, 108227.46, 110941.99, 116150.55, 110673.1, 112165.34, 101958.6, 159562.57, 117770.1, 129193.44, 131047.37, 126682.36, 85446.24, 109121.65, 111424.36, 135345.95, 101360.02, 39112.83, 118186.5, 144395.13, 125066.62, 126489.71, 104013.44, 150993.15, 91713.76, 94548.0, 118145.77, 113198.03, 109094.16, 111219.77, 105167.9, 136493.1, 113001.27, 115105.91, 122391.17, 146570.09, 95836.02, 97688.86, 102718.23, 116272.7, 90108.6, 115952.31, 110105.03, 148776.5, 131590.06, 121266.35, 108947.67, 122920.01, 126988.21, 117675.39, 133998.95, 106358.47, 81655.22]
Am,[38450.68, 46692.15, 40417.54, 33873.19, 30872.38, 36773.35, 35266.1, 52598.77, 41090.11, 41206.86, 29878.36, 38596.98, 40068.96, 34156.1, 23117.27, 31582.85, 38156.35, 38659.25, 38223.63, 31866.74, 31234.83, 39887.23, 34944.04, 31885.24, 32460.92, 32021.62, 48950.53, 37053.44, 44974.36, 35959.41, 45491.08, 46647.69, 29538.63, 31540.52, 38640.56, 31044.85, 40400.59, 43372.46, 47337.48, 40490.39, 43216.58, 39871.16, 40330.35, 28830.79, 31482.67, 33541.66, 36622.83, 31136.6, 33177.5, 30088.5, 48737.13, 34283.94, 34911.06, 38293.52, 32285.04, 26382.55, 35257.02, 32546.25, 38549.31, 30643.29, 33676.3, 32088.11, 44568.78, 36481.36, 38361.5, 31862.07, 36686.51, 25201.29, 31748.21, 33777.37, 31339.76, 31457.33, 33562.52, 31247.71, 41683.19, 30835.45, 34458.34, 33214.52, 42859.01, 29432.07, 32657.88, 33248.25, 35416.71, 30924.44, 36415.19, 29811.83, 38855.34, 32076.15, 32247.64, 27075.13, 28760.44, 43542.9, 43714.62, 47349.9, 36735.12, 29405.74]
Cm,[422704.97, 459217.4, 412217.29, 376622.04, 314076.17, 378010.66, 380163.53, 533285.34, 428877.0, 353537.29, 307861.81, 374019.19, 414860.06, 342565.13, 231665.61, 295975.82, 411417.75, 399681.04, 393574.26, 332685.85, 337864.99, 374721.94, 351835.16, 319232.07, 321305.78, 325471.32, 507413.31, 415600.83, 459413.23, 366519.56, 457026.88, 470202.41, 289321.14, 316874.11, 376023.27, 306501.58, 372951.87, 436448.02, 465807.82, 401236.76, 435299.38, 385156.41, 406336.68, 284871.41, 312605.61, 305411.36, 332362.97, 311299.43, 320232.74, 304535.56, 456244.88, 333988.04, 337938.73, 371667.51, 320478.02, 259869.88, 327718.44, 308183.47, 353151.13, 291350.74, 249977.57, 343354.09, 427455.25, 361661.35, 371809.57, 295387.0, 354196.25, 269086.3, 292614.55, 319251.75, 297211.9, 287248.6, 312905.13, 333427.21, 409539.7, 325356.85, 339213.95, 316044.52, 376971.69, 300628.08, 312748.43, 315353.34, 335498.76, 279226.26, 326088.69, 321721.21, 375514.99, 336864.44, 323881.99, 277877.47, 275274.18, 424988.87, 386322.65, 442587.87, 324173.13, 252187.34]
cm5U,[36.78, 6.13, 20.78, 26.26, 19.2, 14.0, 51.84, 12.01, 8.24, 19.83, 12.1, 40.54, 13.6, 19.74, 20.59, 21.39, 83.29, 15.12, 14.56, 69.2, 21.34, 11.72, 41.31, 19.07, 21.73, 30.43, 15.74, 14.69, 53.76, 14.73, 14.53, 15.68, 41.53, 12.39, 28.07, 20.79, 24.62, 15.61, 11.44, 20.66, 17.36, 16.82, 15.33, 41.99, 21.95, 13.79, 10.9, 24.28, 13.41, 25.08, 16.53, 19.64, 26.75, 18.49, 9.98, 36.25, 11.89, 13.7, 11.38, 16.97, 32.96, 22.39, 10.93, 14.84, 12.23, 23.35, 19.1, 11.29, 12.15, 14.64, 34.34, 18.46, 26.19, 17.04, 15.67, 12.64, 15.84, 25.64, 27.37, 45.83, 14.82, 25.21, 9.82, 55.05, 14.31, 21.86, 26.62, 10.16, 32.29, 25.28, 21.49, 127.98, 26.78, 35.3, 26.82, 25.95]
cm5Um,[57.81, 16.99, 46.33, 39.61, 17.14, 49.76, 24.79, 63.8, 38.57, 66.04, 38.36, 115.86, 30.55, 39.32, 33.36, 40.8, 23.73, 28.28, 60.79, 18.97, 66.47, 38.25, 73.57, 54.3, 37.05, 64.72, 26.27, 24.67, 96.52, 68.74, 115.3, 36.23, 38.06, 55.76, 38.97, 34.92, 61.79, 51.44, 104.88, 63.66, 96.01, 68.32, 50.97, 55.09, 134.8, 25.98, 100.03, 127.41, 33.02, 20.14, 80.91, 41.22, 117.0, 21.96, 19.61, 80.13, 45.44, 21.37, 24.02, 26.05, 61.47, 40.8, 175.99, 40.53, 133.58, 38.82, 26.11, 35.31, 16.79, 18.49, 53.89, 34.12, 43.44, 38.98, 55.61, 24.75, 38.21, 29.45, 14.86, 30.22, 122.09, 77.55, 16.4, 22.5, 67.27, 12.36, 66.74, 19.12, 67.1, 35.52, 27.75, 83.21, 102.84, 111.39, 29.56, 21.07]
cmnm5s2U_141,[15.76, 21.8, 18.59, 30.4, 29.73, 46.0, 20.81, 17.75, 24.66, 21.38, 25.38, 36.75, 22.15, 19.95, 31.82, 45.65, 24.05, 24.01, 18.7, 23.78, 23.9, 31.8, 30.41, 25.53, 33.76, 20.05, 26.06, 20.67, 15.24, 21.86, 18.03, 20.62, 19.55, 15.6, 15.79, 28.31, 29.09, 17.45, 98.14, 8.56, 39.43, 21.39, 12.94, 32.64, 25.48, 19.72, 20.54, 18.54, 16.48, 35.3, 20.29, 20.12, 16.73, 18.98, 30.02, 9.9, 22.41, 29.95, 7.62, 49.22, 17.33, 21.72, 20.57, 18.46, 26.37, 13.24, 13.84, 24.55, 11.88, 10.15, 25.42, 31.87, 19.34, 19.07, 15.61, 24.83, 9.08, 19.39, 30.64, 25.92, 5.8, 17.95, 14.88, 11.7, 11.26, 32.35, 32.13, 28.69, 23.22, 17.66, 26.79, 33.69, 36.86, 13.18, 18.93, 31.39]
cmnm5s2U_216,[2270.26, 3387.17, 2326.31, 2546.5, 2523.38, 5067.1, 4026.02, 10933.65, 5332.27, 2720.2, 2198.35, 3285.02, 3812.48, 2870.24, 4272.46, 2335.94, 2643.99, 3300.45, 2923.16, 1868.81, 2150.87, 2271.37, 1950.58, 6250.24, 2212.59, 2766.48, 4020.94, 3072.54, 6159.5, 3288.18, 2893.89, 5154.66, 2074.89, 1857.12, 2188.21, 1698.14, 2812.28, 3899.97, 6755.19, 3339.37, 3030.72, 3972.02, 2391.9, 3137.01, 2677.64, 1753.92, 2174.73, 2139.02, 3115.42, 3058.93, 3343.64, 3389.42, 2954.55, 7341.1, 2495.62, 11469.91, 2294.06, 2402.22, 2316.57, 2284.39, 37200.46, 3033.37, 3733.5, 3500.9, 2750.3, 6615.68, 2087.9, 2354.12, 5566.03, 2133.92, 2380.48, 2391.22, 2572.76, 2646.32, 4043.43, 4336.53, 2474.29, 3529.48, 2478.69, 2140.31, 2244.53, 2095.12, 2282.83, 2132.97, 2254.39, 2803.89, 3350.56, 4305.55, 7528.98, 6194.6, 2300.53, 4532.66, 2684.64, 3561.31, 2245.99, 1796.62]
cmnm5U,[9.55, 39.14, 93.9, 88.99, 76.66, 46.93, 78.26, 93.75, 94.61, 19.97, 24.12, 52.17, 61.7, 141.75, 61.65, 73.84, 115.94, 22.03, 51.76, 40.89, 28.95, 70.46, 121.1, 57.85, 70.39, 19.13, 125.77, 28.37, 48.98, 79.89, 52.11, 33.8, 24.54, 102.4, 62.19, 12.87, 70.68, 76.55, 47.28, 113.32, 12.33, 155.37, 80.3, 43.45, 45.47, 91.13, 84.45, 18.01, 132.09, 61.73, 86.39, 48.23, 65.59, 76.43, 57.23, 8.79, 64.88, 57.15, 25.63, 118.0, 48.92, 46.4, 48.49, 123.65, 91.2, 38.86, 78.91, 54.4, 66.69, 50.92, 33.71, 40.79, 27.4, 44.55, 72.44, 85.84, 57.19, 50.96, 33.31, 48.12, 58.76, 61.25, 87.63, 47.84, 68.4, 58.83, 19.28, 102.81, 92.61, 73.64, 38.82, 36.48, 47.69, 67.23, 50.56, 36.61]
cmnm5Um,[[], [], [], [], [], [], [], [], [], [], [], [], [], [], [], [], [], [], [], [], [], [], [], [], [], [], [], [], [], [], [], [], [], [], [], [], [], [], [], [], [], [], [], [], [], [], [], [], [], [], [], [], [], [], [], [], [], [], [], [], [], [], [], [], [], [], [], [], [], [], [], [], [], [], [], [], [], [], [], [], [], [], [], [], [], [], [], [], [], [], [], [], [], [], [], []]
cmo5U,[19684.61, 20815.67, 13656.12, 16438.53, 15391.34, 11615.52, 16966.81, 25180.81, 20557.72, 11778.81, 15691.42, 19413.32, 20241.47, 16933.55, 11487.0, 14910.1, 18787.64, 18143.38, 17773.22, 15829.09, 16451.96, 12951.39, 11959.42, 14980.24, 14877.77, 11028.19, 25075.04, 20548.81, 21558.35, 17188.23, 12626.33, 21730.27, 14155.48, 10007.61, 12685.24, 10342.74, 17270.37, 12922.1, 22429.88, 18918.41, 14804.52, 18585.21, 19704.59, 13060.07, 8846.62, 15240.5, 16371.82, 10500.85, 11301.48, 14424.1, 21674.21, 10646.29, 16867.1, 18478.97, 15504.18, 12505.56, 16024.62, 14529.91, 17207.5, 5135.22, 6197.27, 9731.57, 14773.14, 17822.59, 18316.94, 13740.44, 17537.2, 12398.16, 14773.52, 15236.26, 14709.38, 14167.7, 10655.25, 15429.45, 20259.74, 15663.86, 16315.79, 15548.15, 19684.34, 14903.78, 14980.41, 15684.17, 15769.95, 13461.86, 16014.32, 16203.28, 13183.88, 16960.82, 16075.83, 14173.9, 14901.01, 20261.33, 18898.34, 19878.31, 14835.01, 11336.23]
ct6A,[[], [], [], [], [], [], [], [], [], [], [], [], [], [], [], [], [], [], [], [], [], [], [], [], [], [], [], [], [], [], [], [], [], [], [], [], [], [], [], [], [], [], [], [], [], [], [], [], [], [], [], [], [], [], [], [], [], [], [], [], [], [], [], [], [], [], [], [], [], [], [], [], [], [], [], [], [], [], [], [], [], [], [], [], [], [], [], [], [], [], [], [], [], [], [], []]
D_115,[196527.38, 169401.75, 173527.28, 149046.03, 132079.59, 160031.67, 172578.78, 195749.63, 163250.62, 135059.95, 156403.07, 141429.31, 164888.46, 144034.61, 97393.28, 114097.52, 182158.74, 157356.05, 151383.88, 138675.72, 142922.76, 162576.23, 145177.05, 136685.24, 134997.17, 175721.66, 196808.49, 170270.84, 181131.34, 151383.89, 170675.18, 184448.2, 119381.48, 137413.28, 172317.96, 133807.49, 163316.53, 192066.19, 183417.02, 162025.05, 170192.71, 151975.41, 159056.25, 137616.57, 120111.74, 130443.08, 139580.07, 134127.3, 131350.25, 138629.81, 173701.88, 139853.3, 154729.28, 150602.6, 135166.11, 109998.9, 132344.61, 130104.25, 142438.22, 121181.54, 60088.39, 179632.12, 168883.84, 153273.74, 149689.38, 120058.19, 143901.72, 120258.99, 120439.09, 133766.68, 138736.74, 128047.25, 137386.21, 150840.77, 153653.06, 133808.73, 141970.28, 134824.02, 151242.92, 144207.32, 121965.61, 136773.83, 140964.84, 116815.37, 137495.31, 152410.11, 151883.84, 138188.01, 149077.25, 113523.27, 111635.28, 142700.1, 132722.38, 160655.91, 121034.25, 99792.34]
D_97,[41621.35, 38730.01, 38809.77, 42271.97, 41103.56, 37153.18, 44719.17, 41822.84, 48885.82, 41653.18, 35626.15, 34833.08, 36859.51, 34672.22, 27640.78, 30497.29, 38825.61, 36768.37, 34441.58, 33416.45, 40315.07, 44258.67, 41009.72, 41540.23, 34822.51, 46388.85, 50820.18, 46519.58, 41403.59, 37099.83, 39480.6, 23307.87, 42054.45, 42689.03, 37525.3, 32554.98, 45047.41, 48731.22, 47781.82, 37448.69, 41456.74, 43592.03, 37820.98, 33343.16, 41916.92, 31982.24, 33014.62, 32856.84, 40012.42, 38494.07, 47273.25, 42308.82, 35717.41, 35892.75, 36260.43, 30998.15, 44755.57, 45199.13, 34674.15, 39392.52, 20080.4, 38698.66, 44956.04, 35145.26, 45481.25, 41379.46, 34700.23, 29838.95, 39795.41, 44155.09, 33440.42, 32242.69, 34801.46, 42269.8, 37676.22, 42943.42, 43653.03, 34228.38, 36997.29, 35071.09, 33578.73, 45410.59, 34596.56, 42551.44, 47485.2, 35141.53, 35880.38, 35660.03, 37414.8, 31165.53, 30539.97, 37336.38, 33821.05, 36143.52, 42958.17, 39731.72]
g6A,[[], [], [], [], [], [], [], [], [], [], [], [], [], [], [], [], [], [], [], [], [], [], [], [], [], [], [], [], [], [], [], [], [], [], [], [], [], [], [], [], [], [], [], [], [], [], [], [], [], [], [], [], [], [], [], [], [], [], [], [], [], [], [], [], [], [], [], [], [], [], [], [], [], [], [], [], [], [], [], [], [], [], [], [], [], [], [], [], [], [], [], [], [], [], [], []]
Gm,[128710.16, 182067.83, 147817.6, 150923.51, 124700.32, 154554.6, 147548.01, 207301.58, 180367.37, 126823.45, 102629.77, 157043.49, 163454.72, 143783.08, 103805.11, 124202.72, 165882.78, 168326.14, 169136.11, 109447.12, 127504.53, 140156.11, 136168.42, 115618.01, 126450.44, 135317.48, 194879.95, 167528.21, 174751.57, 154929.4, 203165.31, 155397.34, 111065.78, 119082.98, 145392.94, 117500.49, 154466.85, 160264.37, 177277.67, 160921.2, 174066.65, 160629.87, 166269.0, 99745.0, 117427.58, 120433.09, 134160.39, 120774.44, 126941.99, 115416.2, 179063.7, 134479.89, 142551.88, 152134.64, 135878.09, 89089.01, 119502.46, 120636.64, 141563.1, 111839.12, 107482.67, 124313.53, 165748.89, 142174.38, 155990.64, 123818.7, 155190.97, 82952.62, 99979.02, 123778.89, 125669.79, 116201.63, 126729.29, 115954.51, 162010.18, 130814.7, 137689.37, 136556.69, 167368.21, 92512.36, 104712.4, 108587.26, 125997.27, 99179.58, 124619.02, 116575.37, 157521.84, 135665.35, 131910.99, 116583.0, 123645.81, 133662.26, 133556.35, 142829.67, 118424.97, 91079.93]
i6A,[2837.28, 1712.48, 2918.18, 2301.86, 2056.57, 1724.31, 2441.47, 3078.64, 2954.82, 2967.85, 3215.17, 2048.83, 2003.35, 1793.39, 1959.44, 1271.02, 2399.71, 1967.31, 1943.06, 2159.38, 2369.43, 3043.25, 1824.96, 2479.85, 1705.06, 3471.29, 2794.38, 3235.06, 3007.45, 1800.46, 2534.99, 3644.07, 1649.9, 1885.46, 2272.59, 2179.74, 2883.4, 3792.68, 3742.72, 3109.64, 3265.77, 2806.94, 2388.89, 1647.77, 2502.89, 2028.98, 2369.5, 2904.56, 2777.38, 2112.47, 4259.56, 3861.28, 4399.74, 3050.43, 2257.94, 2323.79, 4007.69, 2751.27, 2870.51, 2721.44, 29917.48, 2632.31, 3410.1, 3553.83, 4688.07, 3096.49, 10366.12, 1969.82, 3210.67, 2101.65, 2051.68, 2051.15, 2186.81, 2365.99, 2837.52, 3173.74, 2904.24, 2465.99, 2936.41, 2689.4, 2498.44, 3159.32, 2898.13, 2299.74, 2156.52, 2147.15, 2137.39, 2999.47, 2490.25, 1921.25, 1785.18, 3722.82, 2497.43, 3057.48, 2318.47, 2993.07]
io6A,[3811.36, 3884.5, 4513.78, 3159.62, 3301.61, 3902.03, 4777.56, 7064.66, 4323.36, 4152.04, 4117.85, 4103.29, 4215.73, 3648.17, 3877.75, 3298.16, 4110.96, 4732.19, 4564.8, 4326.96, 3521.45, 3596.46, 3407.37, 3932.68, 3113.74, 4751.8, 8242.93, 5181.86, 5128.97, 4695.33, 6189.1, 5137.21, 3574.17, 3736.48, 4178.88, 3789.75, 5318.99, 6523.72, 8612.39, 5768.74, 5446.01, 5731.64, 6001.6, 3577.05, 3657.75, 4721.22, 3984.7, 4560.92, 5058.67, 4662.62, 8708.6, 5514.81, 5983.46, 5870.16, 5124.35, 2611.07, 3811.4, 4058.51, 4597.12, 5360.87, 27486.87, 4367.67, 7826.99, 6062.45, 7224.55, 6011.43, 22058.58, 2522.73, 3464.98, 3973.12, 3427.61, 4007.24, 5129.14, 4085.82, 5954.9, 4819.46, 4901.8, 5312.02, 6622.58, 3205.35, 2917.76, 3969.94, 4341.03, 4253.42, 4020.39, 3956.58, 4982.95, 4119.03, 4800.16, 3621.93, 3626.64, 4285.67, 3075.69, 4514.58, 3741.3, 4392.66]
