Columns,77_F9.d,106_H11.d,02_A1.d,03_A2.d,04_A3.d,05_A4.d,06_A5.d,07_A6.d,08_A7.d,09_A8.d,10_A9.d,12_A10.d,13_A11.d,14_A12.d,15_B1.d,16_B2.d,17_B3.d,18_B4.d,19_B5.d,20_B6.d,22_B7.d,23_B8.d,24_B9.d,25_B10.d,26_B11.d,27_B12.d,28_C1.d,29_C2.d,30_C3.d,32_C4.d,33_C5.d,34_C6.d,35_C7.d,36_C8.d,37_C9.d,38_C10.d,39_C11.d,40_C12.d,42_D1.d,43_D2.d,44_D3.d,45_D4.d,46_D5.d,47_D6.d,48_D7.d,49_D8.d,50_D9.d,52_D10.d,53_D11.d,54_D12.d,55_E1.d,56_E2.d,57_E3.d,58_E4.d,59_E5.d,60_E6.d,62_E7.d,63_E8.d,64_E9.d,65_E10.d,66_E11.d,67_E12.d,68_F1.d,68_F2.d,68_F3.d,72_F4.d,73_F5.d,74_F6.d,75_F7.d,76_F8.d,78_F10.d,79_F11.d,80_F12.d,82_G1.d,83_G2.d,84_G3.d,85_G4.d,86_G5.d,87_G6.d,88_G7.d,89_G8.d,90_G9.d,92_G10.d,93_G11.d,94_G12.d,95_H1.d,96_H2.d,97_H3.d,98_H4.d,99_H5.d,100_H6.d,102_H7.d,103_H8.d,104_H9.d,105_H10.d,107_H12.d
ac4C,2.784044954,2.350148531,0.886493045,1.428121946,1.418257369,0.893054041,1.51145309,1.036991568,1.433213381,0.868415878,0.739528668,0.876830451,0.841430592,0.712247598,1.058161401,1.376480633,0.784785295,0.815169304,0.441346155,0.779011943,0.684837405,1.122946577,0.920043218,0.459505318,1.338151545,0.700655989,1.250814546,1.194327472,1.093240393,0.665696032,0.847992732,0.677060952,1.028546526,1.424710275,0.569009842,0.898758549,0.737368907,0.775170077,1.519505645,1.264173573,0.930499533,0.890178116,1.267143015,0.681418592,0.901948048,0.612833877,0.587178015,0.86393465,0.4926413,0.878191795,1.237251096,0.754145732,0.920423487,0.665442684,1.150288972,1.14510711,0.680270707,0.659827204,0.72900802,0.729851899,0.960509203,0.734667981,1.303578012,1.257867969,1.383592026,0.891270887,1.060381127,0.935187044,1.074425869,0.797593453,0.777294317,0.784205175,0.540140443,0.88999215,0.978135442,0.95911992,0.583564336,1.3075238,0.800248525,0.740248072,0.9175421,0.8489276,0.936657633,1.12091464,0.676425851,0.935889573,1.170627232,1.276284603,0.811891745,3.641373829,0.90946186,1.413212126,0.749557967,1.050605041,0.881851868,0.974570935
acp3U,0.852124989,0.585789355,1.100178722,1.08514321,1.038661941,0.975169748,1.02164276,1.004183405,1.055351466,1.056027626,0.967744688,1.074023793,0.989472695,1.056067192,1.062112706,1.099758361,1.072463965,0.975897312,1.013231547,1.028981734,1.108951269,1.046716165,1.046231531,1.078602553,0.981833643,1.048633021,1.070021151,1.044178953,1.020478871,0.966875887,1.063692365,0.91040914,1.017257821,1.018191544,0.970547754,1.027718883,1.023501315,1.029670765,1.076350182,1.031357629,0.946282474,0.963338549,0.970140495,0.957370422,1.115350935,0.967558099,0.977775996,1.066922556,1.003465139,1.00596556,1.030333885,0.943656156,1.031069792,0.990048917,0.993011206,0.688618044,1.06470194,1.023846125,0.947199925,1.023972127,0.963704704,1.041171317,1.032357745,1.057792256,1.032003924,1.015042272,1.051652597,0.931052145,0.999887095,0.982596628,0.950249761,0.979458065,1.02785184,1.024671787,1.017433623,1.042130827,0.964351577,1.045758015,1.003814547,0.99940047,0.999248833,0.954341717,1.029536735,0.956919596,0.990589528,0.938548802,0.982842809,0.999046603,0.792026084,0.967803816,0.919033826,0.989802056,0.970404322,0.93395592,1.03307122,0.979524006
Am,1.064710279,1.159132369,0.906782344,0.972274133,0.993832528,0.936497167,0.950902509,0.986078135,0.978928579,0.987760578,0.936837449,0.938277423,0.93450678,0.929300168,0.974616863,1.039719909,1.023118322,0.995456407,0.968556386,1.056066426,0.975788016,1.04255628,1.043614095,0.937797643,1.02393682,0.916031369,1.063677532,1.043373271,1.040957318,0.882725481,0.995699432,1.004656734,0.985994859,1.005701347,1.006026343,0.972294239,0.967832723,0.891891315,1.043421022,1.003483416,0.943013809,1.047341172,1.056105599,1.017749214,0.951756312,1.000370657,0.986252883,0.985906242,0.975323385,0.921305769,0.988297077,0.888901046,0.977239285,1.091110703,1.023931219,1.066859893,0.961813633,0.971990156,1.011893867,1.033574821,1.047690121,1.009010157,1.052130551,1.057236779,1.053462011,0.988033915,0.985299058,1.043257447,0.98600117,1.030114993,0.924214949,1.020037228,0.978884353,0.865409127,0.985536681,1.037901505,1.026161498,1.063976387,1.012115157,1.021185965,1.040973535,1.029087362,1.017296473,1.003409091,0.932499052,1.060308363,1.027004294,1.012652171,1.090296903,1.062985854,1.03329248,0.957222341,1.007095185,1.081633299,0.99550979,0
Cm,1.08878458,1.052230282,1.106462683,1.102434242,1.137324769,1.108822631,1.112857894,1.124609258,1.13495404,1.1574071,1.098934629,1.131225674,1.129757687,1.183761333,1.101128394,1.140938447,1.095592064,1.124649236,1.062874318,1.11346924,1.119037429,1.132744181,1.147026462,1.128185176,1.150646491,1.148293269,1.072393441,1.113714118,1.130544777,1.033277564,1.10146173,1.111230136,1.102856841,1.105902064,1.093678001,1.057253184,1.099247664,1.088925682,1.082665189,1.062255836,1.018323587,1.062490806,1.093071114,1.085845489,1.104928088,1.078853925,1.087134508,1.086279705,1.132877553,1.083353356,1.050361102,0.992243523,1.058192682,1.084995096,1.056634652,1.108360464,1.067818087,1.069661226,1.106019935,1.048434177,1.087542025,1.106038871,1.066911887,1.079198228,1.055933784,1.062440734,1.060483896,1.047186066,1.035103791,1.056071691,0.977042336,1.063591331,1.067458747,0.980916714,1.043471668,1.045688777,0,1.068249717,1.033083591,1.014174374,1.064392582,1.053317199,1.063823778,1.040489414,0.979848099,1.004724364,1.012603288,0,0,0.982257731,0,0.982786782,0,0,0.99973172,1.952602448
cmnm5s2U_216,2.629987838,0.594804075,0.362240777,0.349038841,0.518899783,0.509384495,0.279087502,0.141353651,0.26363607,0.331238604,0.34254972,0.262213844,0.232590502,0.5999819,0.54162139,0.404241639,0.782720228,0.780285664,0.715594091,0.453411788,0.656656245,0.564352332,0.723788252,0.487942113,0.63817593,0.629494573,0.969044841,0.744722241,1.004099732,0.7877253,0.700506228,1.594725755,0.937897561,1.651824341,1.089972948,1.128385463,0.807914718,0.585939417,0.98556266,0.907636984,1.002353375,1.488719242,1.009633595,1.40467129,1.372407325,1.545938487,1.178938854,0.98131532,1.203165119,0.792595165,0.811570307,0.996884108,1.009472201,1.388520938,1.676150129,1.30267615,1.003868141,1.436241053,1.662008948,0.985567819,1.190258013,0.758332055,1.261375094,0.99404939,1.101529519,1.279916201,1.218513823,1.605252223,1.373611469,1.366256448,0.922520911,1.075870457,1.616115416,1.082613958,0.951485344,0.886600531,1.624628054,0.9789988,1.425790172,1.099789186,1.55952043,1.329361696,0.963518553,1.172466817,1.253953667,1.082038462,1.786320111,1.078631415,1.122969324,1.007580469,0.511793615,0.51779769,0.358774005,1.909160888,1.636055748,1.13038928
cmo5U,0.614590052,1.161093095,0.90274838,0.901787406,0.53514578,0.841922981,0.848100303,0.901767279,0.921033427,0.920549464,0.845234815,0.876148662,0.899779127,0.914841556,0.9824357,0.987558377,0.943289685,0.979049331,0.894860105,0.951935609,1.000917123,0.963661438,0.933712309,0.910802836,0.540135547,0.935849551,1.037167269,0.977611973,0.956425458,0.932296529,1.011922491,0.697797818,0.958470626,0.997218968,0.96832401,0.9346556,0.956251935,0.976040978,0.982040564,0.989866026,0.962061757,1.015260135,1.072022361,0.989678878,1.061203677,0.989587746,0.936941538,1.008799066,0.966859632,1.020360522,1.024937224,0.9677189,1.066967324,1.006981326,1.061778659,0.990658703,1.05713449,1.047751116,0.96907763,1.091716198,1.016010024,1.020837693,1.068526667,1.125509634,1.12221328,1.114942069,1.16524433,1.085302764,1.041752862,1.12035194,1.035681707,1.054367937,1.083514257,1.089841245,1.134072382,1.126116588,1.126674679,1.146775512,1.11008193,1.080908814,1.128972272,1.101230838,1.148594716,1.115564995,1.077119556,1.041590206,1.208970995,1.17480773,0.491761497,1.131288753,1.141141607,1.05124507,1.170286255,1.074399254,1.151373597,1.044157573
D_115,0.94382666,0.949851299,0.824828991,0.865262099,0.823599796,0.814810545,0.893631072,0.853975851,0.945948707,0.939571398,0.903268923,0.988547997,0.901366283,0.996727608,0.948526831,0.997354327,0.941888757,0.899433355,0.915411923,0.906862313,1.092609611,0.926297073,1.008622831,1.028225188,0.97497161,1.112417327,0.986460565,1.012543732,0.961521065,0.936452707,1.004096702,0.832979501,1.038756791,0.999412088,1.015530903,1.03386641,1.042770443,1.114312706,1.092702453,1.0488217,0.892444354,0.982678903,0.838574423,0.933215278,1.23562123,0.954912513,0.978198084,1.083658503,1.034431431,1.114629257,1.008552877,0.961435218,1.043546949,0.9780721,1.052345542,0.860394203,1.112274441,1.038879516,0.971025307,1.099574322,1.040902745,1.109059185,1.072351904,1.098844498,1.059289955,1.016358707,1.077423979,0.947646951,1.07110308,1.056360865,0.973725541,1.045234475,1.11898061,1.035094272,1.033260026,1.079057218,0.965035931,1.124038566,1.064803062,1.07060079,1.042113277,0.98981465,1.082903068,1.029758981,1.059592359,0.914786117,1.050612646,1.022944925,0.865375983,1.056250655,0.964374571,1.022639232,1.039482827,0.987736343,1.075753842,1.084857
D_97,0.935581594,0.9520181,0.885497819,0.883146029,0.87205015,0.816824229,0.925755893,0.871358353,0.96901375,0.89331985,0.960607662,1.038685481,0.901962463,0.984253004,0.889469912,0.981336885,0.980843402,0.922247577,0.895205686,0.938577514,1.088784659,0.958938218,0.970208795,1.044428842,0.994793026,1.124371552,0.879190798,1.033151725,0.997198621,0.952436936,1.033453825,0.865597683,1.045198764,0.982813235,0.981085514,1.00109802,0.998945139,1.080168482,1.102142104,0.987297899,0.905940397,0.997110471,0.823135977,0.961003319,1.220483215,0.918467259,0.914596085,1.039265076,1.082345284,1.123626183,1.047902817,0.958830984,1.058126201,0.945086308,1.068627749,0.855898674,1.068953669,1.04960994,0.9642752,1.090536587,1.038502884,1.124456627,1.052541664,1.091440216,1.084390035,1.013479354,1.049908919,0.928613011,1.079532055,1.047603253,0.985085336,1.029465593,1.063490732,1.003653514,1.073165892,1.113609608,0.934389266,1.172432365,1.083159789,1.076608461,1.034271112,1.034603608,1.09628211,1.015459696,1.068725768,0.925933584,1.08895155,1.0193341,0.819025785,1.06714695,0.943079169,0.999397938,0.994955533,0.991779834,1.057787104,0.995077571
Gm,1.050535373,1.097726963,1.037369429,1.041422362,1.020394359,1.052196309,0.990313437,1.010191083,1.022390103,1.054143652,0.963413758,1.010067627,1.029870886,1.01289639,1.040659898,1.05573322,1.000831977,1.027662183,0.962306209,1.020002804,1.011257572,1.049987728,1.019987103,0.997670899,1.003932299,1.000165454,1.055227881,1.007467933,1.007848038,0.971440864,1.017627589,1.042032347,1.010983352,1.001232279,0.968135173,0.964272355,1.002219378,0.994168432,1.034319524,1.007128975,0.967331026,0.988089637,1.003493575,0.997836357,1.100762161,1.014265431,0.961949936,0.987123378,0.983733361,0.958798765,0.968468688,0.93731399,0.97215576,1.003091311,0.963725106,1.016553166,0.988710997,0.959889681,0.985452283,0.99522757,0.99102315,0.960167057,1.015285266,1.050947272,0.998469778,0.999370415,1.02923372,0.994799975,0.96965306,0.967852594,0.923111399,1.005249525,0.989715271,0.969727777,0.997995688,0.992047499,1.018760638,0.974493241,0.978977662,0.976208055,0.998154264,1.010236722,0.961161769,0.993646849,0.948421718,1.00501524,1.004944391,0.995924244,0.999486409,1.055457202,0.976879805,0.939271041,0.96046227,0.97813984,0.953426251,1.126294611
ho5U,0.501845303,0.732159894,1.078828045,1.049489091,0.838027431,0.97214595,0.846447686,0.991496727,0.928315476,0.917574521,0.953443947,0.924640967,0.884591987,1.118413409,1.055531816,0.970619813,1.022013896,1.091163067,0.973062751,0.95650812,1.013796939,0.87594325,0.996974085,1.073326174,0.580483035,1.209348879,1.185216756,0.962090437,0.997313176,1.015039103,0.863729246,0.62711091,1.043464556,1.147505524,0.819064564,1.086271981,1.079103125,0.981444174,0.881587206,1.087470192,0.990093544,1.044508872,0.756077328,0.706970992,1.436374843,1.08455585,0.940059345,1.065846168,0.924365694,1.224975676,1.0556268,1.106303132,1.082230103,0.757353013,1.120751707,0.30251046,1.293177188,1.134188763,1.004878024,1.008669466,1.197107308,1.02315898,1.059691765,0.673130934,1.199818738,1.384871575,0.993239152,0.782425074,1.07605284,1.110768067,1.084752536,1.212136606,1.214164412,1.008237053,1.048523506,1.088310409,0.936096634,1.04576277,1.213959338,1.048098067,1.140163827,0.50169578,1.06766605,1.083663948,1.039028535,1.049797302,1.037592071,1.021926046,0.443670302,1.13182786,1.029818405,1.123042868,1.17033771,1.09260433,1.168444417,0.989541411
I,1.020866291,1.017156143,0.986294288,0.998056541,1.011527823,1.013735471,0.953350648,1.015222259,1.008507358,1.039033361,0.98490489,1.025284421,0.977713753,0.992293922,0.975694864,1.014826046,0.962637952,1.012917995,0.965619749,1.020170871,1.003346352,0.987764782,1.069563121,0.996972203,1.03817415,0.981985079,0.998749004,0.980771445,1.014780196,0.938847136,1.033520662,0.964554519,0.994112573,1.007094203,0.959451869,0.958700577,1.000810465,1.004646094,0.985216374,0.993202471,0.902505455,0.948200285,0.977346114,0.979952453,1.077251965,0.965232448,0.968386907,0.98745696,0.998172778,0.956340435,0.982273493,0.920448983,1.000826046,1.023130164,1.026157307,0.986033409,1.016494153,1.029294436,1.014960902,1.053257513,0.968058363,0.973950931,0.977290732,1.020856066,0.978455588,1.008904385,0.989070766,0.966434342,1.013428657,1.005604445,0.914771432,0.982924441,1.017371984,0.973593004,1.001142514,1.007053422,1.009958164,1.03091177,0.981680313,0.999909725,0.99262882,0.999692993,0.993918982,1.023908533,0.931101339,1.665516806,1.003640286,0.975834464,0.988826834,1.009176193,1.005731389,0.950678205,0.972439652,0.960041883,0.99415104,0.748554288
i6A,0.840814565,0.777235213,0.963836835,0.841380236,0.887823606,0.93256943,0.833098123,1.121630499,0.816085284,0.870477685,0.804019089,0.843281984,0.747492964,0.914345271,0.908499603,1.095737927,0.895313405,1.177081101,1.044099031,0.993170102,0.876097828,1.003026234,0.975682064,0.851858118,0.864705602,0.845000595,1.013656915,1.073095229,0.98911088,1.001778698,1.155623103,1.116161511,0.858829574,0.821796612,0.782354058,0.877815927,0.800099538,0.697812323,1.063934511,1.278550218,1.095885242,1.131236773,0.863184693,1.112832961,2.333011407,1.00889175,0.907330597,0.721145276,1.101412478,0.783582442,0.943308808,1.051445198,1.016149198,1.115935492,1.342001629,3.802982018,0.743749184,1.071717526,0.806925659,0.849139232,0.898982258,0.702511083,0.956338023,1.088869509,0.882710046,1.064985899,1.116809819,1.074848645,1.164549473,0.793318768,0.884987862,0.894036378,0.700347155,1.004060588,0.876615083,0.81815182,1.535443137,0.977460167,1.161306139,1.050061359,0.84579005,0.86201114,0.771509145,0.901208081,0.790479372,0.892298625,1.116849969,1.23269367,1.086478695,1.698559479,1.004935877,0.763553831,0.89466813,0.824065001,0.863102378,0.905743953
io6A,0.544134454,1.225899208,0.925040306,0.815063382,0.781183711,0.928665295,0.743566817,0.921145084,0.777263033,0.702131769,0.844898713,0.754085617,0.776754271,0.727559821,1.054954149,0.990638962,0.824918753,1.095338193,1.02870198,0.879780427,0.940520886,0.960708402,0.831065001,0.697381561,0.594464626,0.727697332,1.075724942,1.192908517,0.926648104,1.16557579,1.145552676,1.15264302,0.919510414,0.909893689,0.634428374,0.756507855,0.748432321,0.911958886,1.139692362,1.302555518,0.989706205,1.139987797,1.083319226,1.178098672,1.592571114,1.122676873,1.005884734,0.938891931,0.95973003,0.998809456,1.014991902,1.098298615,1.060370355,1.003519013,1.281109203,2.779147556,0.954390945,0.951020735,0.775988435,0.812620357,0.890473672,0.863194333,1.047997358,1.221320367,1.009461603,1.149222197,1.138162664,1.242843709,1.182822735,0.827242339,0.849600913,1.036113579,0.799331543,1.07417793,1.022096091,0.847867405,1.341415407,1.236102037,1.140773073,1.219307015,1.101001224,1.050926151,0.766702072,0.967232076,0.850980491,0.873937494,1.070205226,1.22025295,1.04314601,1.339380059,1.140343697,0.709406319,1.126919528,1.070418834,0.80715057,1.082730106
m1A,1.118293015,1.267259948,1.242379944,1.512241491,1.415662281,0.950981334,1.076637856,0.927404311,1.292737927,1.020909702,0.892219236,0.921102355,0.780334021,0.837809952,1.210728337,1.208417583,1.135867319,0.892822939,0.868215303,1.007147539,1.039618651,1.125565327,0.951417096,0.776341145,1.199097114,0.759451807,1.347383181,1.196111044,1.152143495,0.79690403,0.956848781,0.645828409,0.915124329,1.319415312,0.847485606,0.929294132,0.82806686,0.780138492,1.350808806,1.037107386,0.952071829,1.083112798,1.538046551,0.86261754,1.207279224,0.940331791,0.908052412,1.116813287,0.844646353,0.88466768,1.044988766,0.844742955,0.859133442,0.908825747,0.943846896,0.472372526,0.897753419,0.908663671,0.764461863,0.824676001,0.845362943,0.86205142,1.248446008,0.981991227,0.97920829,1.012667816,0.889835896,0.853581573,0.805300738,1.053432104,0.951076541,0.934188551,0.733019303,0.87684794,0.971468416,1.065280424,0.99484272,1.061200367,0.840151585,0.905400618,0.917843579,0.846686703,1.195465127,0.911132143,0.617592721,1.103393385,0.965620127,1.056531153,0.519112867,3.095959771,0.81663454,1.104135766,0.833479397,0.904591882,0.823308114,1.012851561
m1G,1.048286705,1.062404136,0.98518958,0.979963097,1.015589328,1.020370894,0.958918765,1.001686451,0.987796898,1.006958721,0.96979051,0.981760479,0.973537513,1.002852329,1.001077884,1.016358041,0.97122544,0.99828949,0.961767755,0.974147182,0.982661139,0.989652521,1.004931862,0.983221001,1.014150928,0.988893524,1.01112843,0.988427906,0.979899375,0.929544844,0.998267958,1.010519396,0.980134631,1.022051794,0.970042526,0.981694892,0.978807739,0.991737719,0.984709723,0.989695857,0.937777299,1.018808108,1.005303242,0.988481831,1.01209138,1.005502692,0.994334473,0.964400914,1.021497289,0.973438665,0.978593984,0.905954826,0.990976095,1.012192531,0.996819569,1.039085374,1.000234142,1.035909683,1.005379022,1.009777572,0.994163816,1.02654399,1.026433621,1.047761817,1.003390127,1.037328449,1.009179024,1.022999818,1.002254286,1.014258735,0.925800304,1.034353682,1.023576293,0.962846825,1.009795158,1.027082306,1.046242925,1.040703626,1.015114863,0.974796775,1.022134717,1.012453912,0.97792722,1.024744845,0.955932716,0.991129742,1.026606549,1.006607487,1.069372378,0.995835482,1.013267396,0.960424031,1.029354431,1.039802766,1.022224675,1.155961137
m22G,1.861420395,1.796463601,1.276490803,1.604396369,1.377028442,0.916871257,1.105918116,1.150164359,1.253355162,0.892294381,0.942737997,0.949898828,0.839086028,0.895422117,1.268235317,1.215853413,1.244298436,0.850624734,0.774885883,0.935222642,1.057829107,1.049713518,0.979103943,0.774090875,1.363135279,0.908492466,1.209134888,1.089107333,1.006828492,0.845945801,0.873610548,0.901477559,0.941634638,1.24990655,1.039631763,0.695244593,0.719907502,0.741154098,1.368821251,0.996180719,0.895671194,1.060605494,1.17361299,1.047185157,0.890693995,0.574907518,0.962701465,0.97772619,0.66648699,0.669953241,1.104720559,0.828296636,0.919481883,0.875009294,0.879792629,0.6638113,0.950969604,0.770583901,0.769354288,0.986007103,0.898564073,0.813637973,1.283991632,1.086338621,1.113895229,1.055624215,0.675087326,0.89718525,0.803640675,0.85959436,0.731074033,0.898389703,0.654805925,0.826946352,1.093215716,1.049908437,1.041113279,1.047454766,0.941589877,0.798676043,0.863374372,0.943791871,1.036043768,0.937276536,0.728843237,1.203243657,0.938830303,0.982873316,0.887815472,2.330366766,0.97166471,1.065767495,0.885670024,1.041088863,0.827464348,1.019190767
m2A,1.101182223,1.115546902,1.019753117,1.018623084,1.050463349,1.010537163,0.997047911,0.984063857,1.050533556,1.02170163,1.014627774,1.039453009,1.023355586,1.045562017,1.027331289,1.000049387,1.022703668,0.984514314,0.986111274,1.007157084,1.027209135,1.017331832,1.025252504,1.032131379,1.046404281,1.064995106,0.991825559,1.013562745,1.016545271,0.932611744,0.990306398,1.013251382,1.02272822,1.041198517,1.023367164,0.991112188,1.02815751,1.018354054,1.003215619,0.974444739,0.891637904,0.963117587,0.998251098,0.987459642,1.002915564,1.006659818,1.032800253,0.988071186,1.005238387,1.011681868,0.994530734,0.918702085,0.991444748,0.978294098,0.996872065,0.913692446,1.003996769,0.997557548,1.019921679,1.030470141,0.980906914,1.014318496,1.012389812,1.016183897,0.999862703,0.999984786,0.985991004,1.004448779,0.979915961,1.008341254,0.91684469,0.994095899,1.030560991,0.918823016,0.966667535,0.991731152,0.992180828,1.026118341,1.003649548,0.977953998,1.028548462,1.010797774,1.004387538,0.989321085,0.948271399,0.970623815,0.967309812,0.960782412,0.985382867,0.915953933,0.975757365,0.910534654,0.977096054,0.998006731,0.989426569,1.065260818
m2G,1.165872434,1.822690993,1.099639406,1.116909051,0.908045138,0.864434499,1.060318863,0.984266327,0.969842769,0.829621767,1.127276152,1.011289095,1.16888029,0.757450533,1.227743508,0.968332472,0.941361533,0.957897884,0.875877586,1.032601762,0.982209582,1.235853384,0.984099357,0.808301576,1.072790829,1.157966734,0.851070216,1.049670126,1.023082621,0.970723886,0,1.033769382,0.84669757,0.937333966,1.01053931,0.942084528,1.092120878,0.82014404,1.209757629,0.743339811,0.933845542,0.890420704,0.886432387,1.02327308,1.134924782,1.068417567,1.101966937,1.060449385,1.042847068,1.144875516,1.125017652,0.809780012,1.207575511,0,1.161666591,1.039490709,0.924292915,1.032002194,1.036057364,0.865989207,1.002241327,0.902107411,1.166577891,0.965264037,1.039292664,1.067211058,0.916707226,1.236962544,1.074600741,1.091361221,0.999385305,0.907184126,1.136607486,0.96677425,0.904326573,0.846181102,0.889131841,1.129169215,0.942399721,1.118496006,1.147541252,1.005460499,1.114208262,1.065390822,0.977374481,1.130368146,1.167300369,0.986308326,0.930332823,2.247316813,0.792508478,1.083390632,1.067620872,0,0.766403054,1.011654982
m3U,1.060499646,1.04717485,0.868084787,0.910249327,0.97174226,0.961209577,0.93295777,0.965126491,0.929337197,0.993998438,0.92160698,0.93087102,0.972752591,0.970242465,0.979479944,1.0003856,0.979896115,0.995331738,0.927710981,0.975271333,0.947021681,0.984609873,1.029260971,0.980350521,0.963962953,0.936323066,0.989427993,0.997749518,0.967656043,0.903917853,0.977253651,0.99139367,0.968587567,0.959542282,0.950526383,0.931993776,0.968100279,0.945408412,0.960365846,0.995266752,0.929946532,0.936980431,0.958777579,1.003698416,0.999397014,0.938382114,0.96640801,0.974990064,0.989177405,1.011142945,1.02915569,0.933007759,0.986328496,1.032642565,1.001797013,1.025624901,1.045655068,0.98407613,1.063194806,1.06659695,0.97747076,1.028742093,1.029548694,1.05040336,1.026384441,1.077085592,1.030935714,1.034696204,1.039935527,1.050727877,0.99723727,1.035827586,1.053253361,0.957371829,1.061954194,1.041864915,1.06822505,1.007272646,1.05288341,1.017503932,1.044344439,1.020654659,1.061598703,1.081013598,1.022270743,1.065834309,1.044777009,1.055244686,1.100697825,1.012025776,1.042717328,1.003724732,1.079302486,1.086021204,1.109164981,1.030121581
m5C,1.82143537,1.004905908,1.166422098,1.276162179,1.31705338,0.870749455,1.203800171,0.993363877,1.037303904,0.96764399,0.82506279,0.89124833,0.766641063,0.704277669,1.275439454,1.316401528,1.179690347,0.751907412,0.739581926,0.94171057,1.127511693,1.060203398,1.009146393,0.798070645,1.071096721,0.718725498,1.288027984,1.112021848,1.095466485,0.976127196,0.97446686,0.879847574,0.882713338,1.321116938,0.93036368,0.781933335,0.778489046,0.720776458,1.480320618,1.038016596,0.993280291,1.033176956,1.421373596,1.009263812,1.125210894,0.870618796,0.906473645,1.00015658,0.652570188,0.885922704,1.169501426,0.916628674,1.010580743,0.949393984,0.880270618,0.642798132,0.982976402,0.953935037,0.830750766,0.857369108,0.982079491,0.843337871,1.250120451,1.011080515,1.175907172,0.941090404,0.776361865,1.025511795,0.789268497,0.964536989,0.764736051,1.034842308,0.694250949,0.866430456,1.015934343,1.102922155,0.925674338,1.213332214,0.879698315,1.004365108,0.929257317,0.899455319,1.006042401,0.789895787,0.722030293,0.949551487,0.849177969,1.025456398,0.788029109,3.069391375,0.895546448,0.999810323,0.786119638,0.910382546,0.900754639,1.000991528
m5s2U,2.472729552,5.100128367,0.317626904,0.648163138,1.021182554,0.835519404,0.478248675,0.290912563,0.724575915,0.847261791,1.057170546,0.522401496,0.484635148,0.384491232,0.277716548,0.434038039,1.390305335,0.441533148,2.062770579,0.804121131,0.494372511,0.614398397,2.435912616,2.208149409,0.560962078,0.52975761,0.99719459,0.626441403,0.429003126,0.393535947,1.876708188,0.645418545,0.803339413,0.245269739,0.121988481,0.66726253,0.857228634,0.504814988,0.558360362,1.181014455,0.479644354,1.875238918,0.704607817,0.820028211,0.552341975,0.587625547,0.496832313,1.322521375,1.565137296,2.154302835,0.73843417,0.779765702,1.529087851,0.803250145,1.003880251,1.833340685,1.991034404,0.170842634,0.472539673,0.957008508,3.157246699,0.81167564,1.641017167,0.517807868,0.948004954,1.426180497,0.266449332,2.077660996,0.783018435,0.501998654,1.232330337,1.183441256,0.471484453,0.43566009,0.983328161,1.977254963,0.442626633,2.935521129,0.986080391,1.190606656,1.671617762,2.256897671,0.797115636,0.334305395,1.405284864,0.282195834,0.524649778,1.035196087,0.255120604,0.319425793,0.795573287,1.386206305,0.348158255,0.600337976,0.833399164,1.097898286
m5U,1.060192737,1.117137524,0.93747351,0.975323412,0.990888722,0.958292873,0.974006073,0.966685467,1.017387501,0.988184678,0.986235375,0.96224241,0.965988001,1.000752665,0.982583848,1.004890946,0.981447734,0.972873053,0.935615027,0.951339636,0.987946057,0.970548305,0.990958471,0.984292989,0.999591523,1.029268813,0.990340478,0.999680782,0.987874743,0.88627732,0.989328388,0.927002465,1.004345097,1.009136301,0.965884664,0.974098272,0.975064769,0.998045295,0.981912987,0.963094907,0.90063906,0.970114229,0.98896978,0.965493252,1.057017629,0.990792218,0.98717358,0.980439225,1.006156828,1.021875513,0.997917377,0.930515737,0.996980663,0.979915524,1.017187974,0.95282039,0.998533831,1.021201724,0.981099972,1.04223812,0.994116855,1.022856116,1.027915271,1.047164027,1.016566244,0.965605702,1.032460456,0.99933136,1.035663985,1.022719478,0.964425876,1.027835537,1.053195641,0.949841293,1.016079118,1.031923029,1.02811555,1.059225989,1.054738071,1.048344087,1.047609458,1.031027675,1.030337876,1.02575187,1.014212708,0.979532227,1.032022454,1.041593515,0.944261546,1.077449666,1.031725225,0.952986264,1.059930762,1.042850641,1.061369696,1.197285607
m62A,1.464762143,1.45612745,1.008795328,1.05750706,1.046727737,0.937374799,0.982935039,0.884933665,0.944911042,0.945327292,0.976398905,0.963886801,1.075000181,1.113187807,1.151578681,1.120665256,1.095569429,1.001095507,0.97316728,0.985440426,1.117770545,1.023821377,1.033772668,1.039120068,1.265860807,1.261530761,1.173978086,1.071343291,0.99845091,0.966844669,0.980318288,0.937223733,1.027536722,1.073569125,0.911226974,0.935055164,1.058423304,1.023979686,1.152040609,0.922536411,0.859915886,0.916436853,0.915342592,0.817234598,1.016150676,0.975612498,0.908266089,0.921784143,0.973342081,1.029915434,1.003281637,0.859479673,0.899539863,0.862199739,0.917747823,0.894181111,0.939687037,0.866958312,0.904573908,0.993611165,0.935374961,1.005416662,1.020639156,1.030791295,0.969387538,0.84436521,0.880034486,0.895857795,0.895907254,0.875016455,0.959306493,1.005093457,0.978160007,0.962877532,0.973858188,0.999683748,0.933824383,1.02691758,0.912058295,1.030165228,0.92396507,0.933600218,0.947267849,0.942417479,0.860650649,1.087541002,1.027433797,0.984224155,0.93750107,1.592954655,0.931531522,0.93955325,0.993897147,0.978464757,0.951919905,0.990553576
m6A,1.002924097,1.122399766,1.010420287,1.025840744,1.054523583,1.044274402,0.993189351,1.036934576,1.04041201,1.052485926,0.989728559,0.979275407,1.00561839,1.049037124,1.059674179,1.107857832,1.043398817,1.074364204,1.001250375,1.101378082,1.010174918,1.068558491,1.069304998,1.024220597,1.031254847,1.002883341,1.022010662,1.04459017,1.050599254,0.968299921,0.995216496,1.020987374,1.017648267,1.003460489,0.949153602,0.98459282,0.936443932,0.914260662,0.955440112,0.972978602,0.946409952,1.032557641,0.986029719,1.007193954,1.007094404,0.981761978,0.952371905,0.936825923,0.956858271,0.947200605,0.95119447,0.911406215,0.976885957,1.011494066,0.961086173,1.023779597,0.960064091,0.991018969,0.969620967,0.986712713,1.004355151,0.977975108,0.975592401,1.045468405,0.971863111,1.006033603,0.985190956,1.031514992,1.002692053,1.017733988,0.908945196,1.002619436,0.991342829,0.914090508,0.970733837,0.951776959,1.032156139,1.025499741,1.030550389,1.001863044,1.020863132,1.032160597,0.936449088,0.996787948,0.915620132,0.928344971,1.020609417,0.980927503,1.051422468,1.055226814,1.0059302,0.877814039,0.997672186,1.008629614,0.998355634,1.029516715
m6t6A,1.068049227,1.005549757,0.910988711,0.863236796,0.901191471,0.833277583,0.887941856,0.874253974,0.904429744,0.92615955,0.879387008,0.899913671,0.91699072,0.972155928,0.981973239,0.97748101,1.001157671,0.968870484,0.945862541,0.94854526,0.999402113,0.99487453,1.022760937,1.008641951,1.029175799,1.0091687,1.00658018,1.011175372,0.993092444,0.934321539,1.047591957,0.965410542,0.984022927,1.014333729,0.965796251,1.008030773,1.020238665,1.014075223,1.021666383,1.028042365,0.955386201,0.974940181,1.097853806,1.002343427,1.019350057,0.965211073,0.993698116,0.983824461,1.017300134,1.114636134,1.029154288,0.996931187,1.011504419,1.009717681,1.028360314,0.916851003,1.047732597,0.990875273,0.983242353,1.039685755,1.04646188,1.0179943,1.083264737,1.076286867,1.059291584,1.04298538,1.051365413,0.979942606,1.044794671,1.023294724,0.975471565,1.009902417,1.065615035,0.965493116,1.072434596,1.04565294,1.070241244,1.035724559,1.025041165,1.053373649,1.042347792,0.976638888,1.102230284,1.062970154,0.968413372,0.98837673,1.069936787,1.089433128,0.948262875,1.042428401,1.005572956,0.970509743,1.012567425,0.96440303,1.057342233,0.899255478
m7G,0.583309747,0.984327569,1.114600362,1.080565856,1.145335017,1.086059225,1.049316504,1.047840644,1.088625335,1.091074343,1.084995793,1.066504433,1.070593788,1.077025117,1.051903015,1.069891978,1.072321952,1.078604513,1.02862594,1.068472204,1.077519829,1.06874196,1.076806655,1.053571277,1.11236671,1.078907079,1.047873017,1.056670502,1.067154794,1.007581217,1.054905868,1.068167144,1.054561639,1.085224649,1.032096265,1.023054953,1.039135725,1.037203386,1.03904838,1.032070023,0.948612753,1.018295765,1.071263438,1.043108509,1.095104378,1.063012019,1.030912795,1.048141416,1.04343751,1.004768833,0.996468195,0.915505114,1.001984306,0.990206822,0.994735183,0.53698905,1.032723531,0.987285307,0.996904176,1.024356106,1.008728155,0.994917139,0.977444772,1.000631886,0.983149953,1.035455866,0.973512308,0.997110865,0.946978077,1.003152475,0.898658492,0.993956524,0.973750023,0.905323452,0.967268689,0.947062778,0.966025036,0.95877915,0.954501121,0.932503153,0.98495893,0.972059806,0.959628005,0.955106455,0.907293517,0.892120122,0.916466965,0.902739298,0.924872887,0.883217189,0.910710187,0.866089952,0.907128973,0.897581009,0.905391699,1.00552084
mcmo5U_201,0.96054552,1.008000746,1.008276802,1.040418126,1.074049572,1.104031658,0.985438773,1.077275854,0.995981406,1.005957507,1.021918246,1.027474372,0.990585069,1.004603259,1.019092718,1.061036205,0.974972125,1.001067344,1.006046435,1.016223824,0.996070939,1.023557385,0.970233029,0.983822988,0.996627504,0.994619451,0.967068519,1.033147331,0.99214608,0.93058408,0.96452657,1.073706809,0.993805255,0.992898544,0.975070855,1.005545592,0.99244499,0.985436445,0.959272667,1.000687569,0.929078895,0.986966292,0.992170409,1.045887488,1.018867798,0.996939925,0.97014356,0.962565525,0.966434838,0.972018954,0.975696513,0.919663927,0.92209066,0.989566643,0.926774345,1.002963604,0.94048398,0.939547978,0.984723797,0.959673053,0.994119138,0.948037656,0.980276142,1.083575567,1.010477949,1.081064711,0.999253978,1.069129469,0.984277861,1.023061879,0.895194056,1.069171378,1.079122742,0.977092409,0.994746412,1.004406261,1.024060518,1.000315106,0.994158125,0.996154295,1.037768989,1.013193634,1.005774343,0.978969858,0.967575635,0.977950922,1.077626352,1.015740498,1.091017986,1.001335784,1.028725433,0.926423399,1.005350366,1.077250432,0.965553535,0.878557898
mnm5s2U_172,0.833570233,0.871276265,1.210721651,1.098691806,1.08554763,1.046102743,1.139872873,1.029613446,1.038584023,0.990872042,0.959535363,1.037216701,0.985399571,1.135296145,1.053832891,1.236007697,1.090196394,1.12865734,1.06737361,1.026088774,1.148603975,1.109566785,0.993223395,1.069275362,0.936561302,1.110875586,1.177453944,1.019553625,1.030636821,0.969420336,1.004215481,0.896819825,0.998954581,1.003940817,0.960657772,1.02178308,1.01117243,0.986591234,1.192195622,1.070669698,1.006790279,0.982554933,1.089158756,0.914923922,1.087394301,0.982896277,0.936015088,1.033075832,0.952212379,1.04126907,1.032828872,1.013532516,1.013845381,0.875772316,1.002894383,0.871239964,1.105614494,0.983474609,0.863594788,1.053416485,0.98840904,1.062459373,1.086386874,1.081724225,0.975800002,1.037950859,1.000188305,0.928744173,0.988840126,0.871247609,0.880435969,0.970895233,0.96407912,0.957115655,1.100505864,0.995616035,0.959307348,1.089459982,1.019179859,0.97107262,1.007559092,0.882777123,0.922009713,0.88227822,0.938535164,0.83725223,0.992753008,1.017467816,0.782240604,1.011295493,0.87594177,0.822202105,0.828158183,0.799613625,0.97280617,0.983228569
mnm5s2U_273,0.756022474,0.543836565,1.174071784,1.209762628,1.078219185,1.110573264,1.087328889,1.035175999,0.91473191,0.879375014,0.841975723,1.272746896,1.093094466,0.996231085,1.326108145,1.268673128,0.963463478,0.888479041,1.021551759,1.082816095,1.146933917,1.171252291,0.895218413,0.949256071,0.966429651,1.002712415,1.206835444,1.115825559,1.021273528,0.901126612,0.804946731,0.858024548,1.005272958,0.947399176,0.890110878,1.113187801,1.063722933,1.190326586,1.066850347,1.04609409,1.148548803,1.141573139,1.23495534,0.806822424,1.488360547,0.564795005,1.063359972,1.045502097,1.085282016,0.888292962,0.9938275,0.998789549,1.050403867,0.884129347,1.226240562,1.019645282,1.356373872,0.911985584,0.893101877,0.961550922,0.752812367,1.118918536,1.169035244,1.001027613,1.209352257,1.021353395,0.99342013,0.797588088,0.948079507,0.993779707,0.916991231,0.970894019,1.152068961,1.081574842,1.024385602,0.788563978,1.028192098,0.863630968,0.894085298,1.037592945,0.86356112,0.802559806,1.140581005,0.90185678,0.82737778,1.067032051,1.035745734,0.919609187,0.855430398,0.845213609,0.674240332,0.929330416,0.902334319,0.854901063,0.963072907,1.038694076
Q_163,0.927778117,0.922282438,1.046526828,1.009416304,1.010421151,0.986786351,1.047693491,0.978729531,1.020717388,1.004849405,0.976110526,0.986991286,1.013885892,1.104960294,1.030737931,1.098476968,1.058573889,1.034576314,1.018243876,1.008049879,1.088250851,0.989871437,0.997786149,1.073746449,1.05216518,1.063955699,1.057578918,1.029415242,1.014913823,0.914578947,1.041034815,0.954645206,0.995080394,0.979485987,0.985124773,1.015585944,1.017701586,0.999493908,1.004834334,1.005676051,0.939924899,0.990812117,1.074058614,0.935714365,1.04590325,0.949712007,0.975900131,1.00308391,0.996869116,1.03062325,0.996535291,0.950970536,1.03988014,0.961791006,1.007065041,0.881093753,0.977739877,0.961268079,0.93399054,1.026829322,1.001013896,1.05264729,1.059901969,1.033494562,0.990231977,1.014665976,1.035188947,0.94257258,0.984937562,0.987651987,0.937153174,1.005125942,1.020440286,0.947176948,1.033002626,1.064279956,1.007457235,1.039554354,0.98334522,1.012083467,1.009458542,0.95757287,1.029543167,0.978599037,0.940367438,0.96263276,0.970763128,1.048932748,0.907974809,0.960931775,0.91190899,0.920845187,0.977436088,0.966006817,1.019907819,1.000212923
Q_295,0.960401383,0.919786956,1.020727276,0.998649885,1.014545576,0.980526369,1.024309037,0.968867198,1.024190282,1.010413155,0.989366503,1.004929686,1.009499163,1.095474859,1.037355352,1.09070245,1.039682399,1.06219863,1.000037112,1.014837849,1.134564778,0.993247089,1.048289962,1.088792331,1.02826034,1.041331982,1.076447997,1.013658961,1.010972764,0.913706878,1.030248789,0.942821731,0.981905264,0.97969134,1.016491339,1.016253044,1.0618168,1.032514473,0.982313948,0.987847244,0.942607822,0.981812249,1.054103789,0.967635249,1.046327453,0.959642303,0.977840432,1.022444679,0.979375741,1.043619761,0.997897554,0.966801504,1.043932347,0.963766924,0.985708026,0.909610033,0.988312466,0.98487396,0.962903693,1.01312675,0.985646173,1.045230919,1.031438392,1.0474813,1.032155353,1.002575735,1.011550006,0.970431319,1.003324158,0.984076939,0.940487157,0.969190037,1.031185557,0.939307403,1.034332026,0.998359968,0.991514652,1.046388999,0.968423943,0.995118509,0.999673003,0.978031965,1.008469939,0.989510654,0.923011645,0.93123163,1.020044885,0.984092504,0.920649213,0.973485602,0.920468569,0.958527846,0.971508849,0.94954289,1.003298433,0.985489324
s2C,0.972501969,0.995647041,1.021246148,1.01665568,1.058049881,1.039758022,0.995837527,1.026430746,1.036889674,1.063083855,1.010467464,1.036338056,1.019040107,1.064673737,0.979355854,1.052984632,1.010045492,1.007323655,0.983703975,1.037385171,0.979160539,1.032735108,1.029920526,1.015166863,1.002152813,1.019853559,1.010977787,1.020404382,1.022075518,0.972434677,0.989185343,1.021049444,1.017501732,0.992007241,0.98635371,0.98085375,1.000185148,1.036180516,0.986840337,1.014266541,0.936503705,0.97552554,0.96999508,0.999135535,0.999845034,1.004405152,0.993145242,0.955118678,0.985935491,0.953128984,0.968387434,0.943712346,0.989628236,1.00260885,0.936109389,0.937076454,1.011063085,0.990366529,1.04496309,0.997922626,1.015116813,0.996282228,0.997438024,0.983734975,0.985126745,1.011846146,0.995975279,0.984675375,1.003786944,1.001824443,0.927812718,1.030860139,1.016786256,0.921357674,0.973075435,0.982350795,0.996990061,0.994203695,0.967789793,0.97584658,1.01436816,1.0153765,1.00985291,1.027794979,0.983409884,1.007435514,1.005070575,1.004620338,1.02474509,0.930068222,1.052543898,1.00325242,1.000531568,0.977072068,1.044187734,0.99363759
s4U,0.840196733,0.994698794,1.023729233,1.037674906,1.019843849,1.032923474,1.006285181,1.085751492,1.061523389,1.106740207,1.049022882,1.074889962,1.079182941,1.119767756,0.989345559,1.059511446,0.993728762,1.000702802,1.000581956,1.026891989,0.977071856,1.031430278,1.000466661,1.009523204,1.032782951,1.0615281,0.988595809,1.030664308,1.016284033,0.937601742,1.000078271,0.983797466,0.987572968,0.936644516,0.953805322,0.988085316,1.027492347,1.089868445,0.958976619,0.997509369,0.924520513,0.932716443,0.965437,0.994799863,0.961365875,0.932402993,0.978686818,0.965321918,1.026937213,1.036467838,0.963369755,0.911318979,0.972449626,1.00767405,0.932665339,0.955740196,0.994077956,0.939842915,0.997310285,1.026766109,0.998035414,1.059763401,1.000211497,0.962071285,0.981873552,0.993979718,0.974206857,0.969474338,0.969128963,1.004813193,0.933395634,1.04026285,1.040557361,0.959359257,0.988956366,1.01128723,0.976669506,0.984228954,0.979148215,0.979627582,1.004373041,0.992081723,1.046871063,1.027657122,1.024355937,1.061413545,1.014444922,1.018390388,1.049024162,0.947869676,1.06648746,1.046440818,1.104727775,0.842430399,0.920098626,1.05163753
t6A,0.943333919,0.955550566,0.990745211,0.93387965,0.98802599,0.915238102,0.98709088,0.977045013,0.990049505,0.98478473,0.922810029,0.991693533,0.945970636,1.032740075,1.033891237,1.080336352,1.020786037,0.996273768,0.984532755,1.007725885,1.125470249,1.010194382,1.016201622,1.029943675,0.978075533,0.998136417,1.050726137,1.054213953,0.998736733,0.882947523,1.053650135,0.921030119,1.03130096,1.008934308,0.96240707,0.998404315,0.962278958,1.032031545,1.037135831,1.025783354,0.909978285,1.051681791,1.153591327,0.961491066,1.107312295,0.955855783,0.939738814,0.975384065,1.004437688,1.04268918,0.990292735,0.966297465,0.989782466,0.934393385,1.044268537,0.894521307,1.010683043,1.024386716,0.96099436,1.06688802,0.971915641,1.021130835,1.0567444,1.082000805,1.045969311,0.981718531,1.03645488,0.93182253,1.002714675,1.046566363,0.958097173,1.008992238,1.055148986,1.003440203,1.021368207,1.025527698,0.985583512,1.038411919,1.046803085,1.001900777,1.054417969,0.974357515,1.068547333,0.989093681,0.969317808,0.874920917,1.016434238,1.049466699,0.89719181,0.983703148,0.95429963,0.953073094,1.016779984,0.936875845,1.042796012,1.039831887
Um,0.972402607,0.980706582,0.981219636,0.926335796,0.927395074,0.857832934,0.865013342,0.893657561,0.97871782,0.935844007,0.866763257,0.900179438,0.892337275,0.981958323,0.974654836,0.996323923,0.985217604,0.949204124,0.940572116,0.983790557,1.045754401,1.007227229,0.959040307,0.970087185,0.948282354,0.970550285,1.05437571,1.019732476,1.035977464,0.866921104,0.980455616,0.932614497,0.962086777,0.997982339,0.899307456,1.020622103,0.988304502,0.927222412,1.06648841,1.019569349,0.987176535,0.984953659,0.995459117,0.953259284,1.094518827,0.96806368,0.961464905,0.988940408,1.025077062,0.984714383,1.068688416,0.976308671,1.035127287,0.971149965,1.053042236,1.051820725,1.067429268,1.005024738,0.850893462,1.069057173,1.022733246,0.996817256,1.095164267,1.055353361,1.055844055,1.040976669,1.108001406,1.007172121,1.040834529,1.053456053,1.011939775,1.05539561,1.002001362,1.008158949,1.088660831,1.063033837,1.107441886,1.115540891,1.068225909,1.086389634,1.067837004,1.034608922,1.073968237,1.012282374,0.982282864,1.00640408,1.052948513,1.111719384,0.958772378,1.13839377,1.007760877,0.884236564,0.987658242,0.958891992,1.044362675,1.089259381
Y_191,0.862856626,0.956576567,0.812256507,0.921674558,0.798359375,0.793767734,0.86282652,0.88278501,0.999103267,0.930330334,0.955977919,1.023515235,0.885193331,0.986113071,0.900122226,1.03990737,0.941842223,0.88024529,0.968215072,0.903962957,1.035532833,0.947479244,1.011124958,1.065465901,0.950644422,1.173929503,0.947326294,1.044631805,0.925767767,0.883301261,1.061876178,0.851420177,1.025709763,1.017477207,1.087752873,1.067998718,1.028428975,1.095917687,1.082852684,1.047962893,0.852086108,0.951048722,0.864763799,0.863964399,1.29895097,0.955050788,0.910239159,1.099596456,1.022479166,1.061959653,0.980990929,0.949348319,1.04553998,0.925237155,1.031231142,0.830280738,1.131693462,1.049693903,0.993527527,1.110527143,1.026795278,1.176467981,1.104245718,1.130026786,1.100566227,0.998257957,1.095219094,0.955261627,0.977838068,1.07558353,0.955307467,1.040440074,1.12258482,1.005395593,1.098071395,1.069288209,0.956249419,1.094535758,1.066269259,1.029762063,1.03412726,1.025898275,1.093305026,0.978634397,1.056163415,0.963689116,1.002845908,1.05897727,0.791795821,1.090859247,0.986624104,1.030681909,1.049775845,1.003600307,1.079154548,